Date,Argentina,Australia,Austria,Belgium,Bolivia,Brazil,Bulgaria,Canada,Chile,France,Germany,Hungary,Japan,Mexico,Netherlands,New Zealand,Norway,Paraguay,Peru,Poland,Russia,South Africa,Spain,Sweden,Switzerland,Ukraine,US,Uruguay
2014-08-10,180.0,1900.0,502.0,13.0,210.0,195.0,167.0,763.0,19.0,2.0,331.0,25.0,5.0,865.0,16.0,198.0,21.0,349.0,143.0,9.0,513.0,257.0,4242.0,5.0,1.0,28.0,212.0,1059.0
2014-08-03,180.0,1841.0,501.0,13.0,213.0,196.0,164.0,757.0,20.0,2.0,330.0,24.0,6.0,871.0,16.0,202.0,22.0,352.0,141.0,9.0,515.0,254.0,4253.0,5.0,1.0,25.0,208.0,1063.0
2014-07-27,202.0,1559.0,509.0,14.0,94.0,181.0,165.0,754.0,26.0,2.0,341.0,24.0,6.0,879.0,15.0,166.0,20.0,364.0,135.0,10.0,527.0,239.0,3763.0,5.0,2.0,21.0,205.0,1023.0
2014-07-20,227.0,1259.0,540.0,15.0,42.0,179.0,174.0,743.0,53.0,2.0,377.0,26.0,6.0,956.0,13.0,171.0,19.0,398.0,143.0,10.0,522.0,249.0,3603.0,9.0,2.0,21.0,195.0,1008.0
2014-07-13,245.0,1078.0,591.0,16.0,44.0,178.0,189.0,822.0,108.0,3.0,398.0,27.0,6.0,953.0,14.0,157.0,18.0,415.0,134.0,11.0,528.0,257.0,4200.0,9.0,1.0,26.0,177.0,1028.0
2014-07-06,251.0,927.0,577.0,18.0,44.0,182.0,199.0,772.0,154.0,3.0,415.0,30.0,6.0,947.0,16.0,174.0,26.0,378.0,141.0,12.0,517.0,279.0,4472.0,9.0,2.0,26.0,187.0,964.0
2014-06-29,274.0,729.0,569.0,18.0,211.0,197.0,208.0,901.0,145.0,2.0,420.0,33.0,7.0,906.0,17.0,132.0,33.0,353.0,143.0,13.0,532.0,280.0,4283.0,11.0,2.0,24.0,209.0,990.0
2014-06-22,239.0,714.0,562.0,14.0,215.0,209.0,210.0,916.0,92.0,2.0,416.0,32.0,7.0,904.0,16.0,114.0,33.0,324.0,142.0,14.0,523.0,274.0,4634.0,10.0,2.0,17.0,212.0,995.0
2014-06-15,228.0,719.0,594.0,19.0,194.0,212.0,211.0,953.0,52.0,3.0,378.0,35.0,9.0,934.0,17.0,84.0,37.0,351.0,134.0,15.0,532.0,281.0,4010.0,8.0,2.0,18.0,206.0,1054.0
2014-06-08,190.0,599.0,632.0,21.0,214.0,212.0,226.0,1013.0,28.0,3.0,382.0,43.0,12.0,977.0,15.0,79.0,34.0,352.0,137.0,15.0,538.0,291.0,3587.0,12.0,2.0,20.0,202.0,1071.0
2014-06-01,184.0,515.0,793.0,28.0,200.0,226.0,250.0,1101.0,19.0,5.0,468.0,40.0,14.0,1091.0,17.0,81.0,43.0,351.0,140.0,16.0,562.0,312.0,3492.0,17.0,2.0,22.0,202.0,1155.0
2014-05-25,171.0,520.0,715.0,30.0,234.0,227.0,256.0,1218.0,15.0,6.0,425.0,41.0,18.0,1057.0,15.0,66.0,48.0,356.0,141.0,15.0,601.0,358.0,3338.0,18.0,2.0,23.0,197.0,1318.0
2014-05-18,164.0,492.0,806.0,38.0,223.0,238.0,271.0,1448.0,14.0,5.0,477.0,42.0,32.0,1082.0,19.0,53.0,69.0,313.0,144.0,17.0,616.0,404.0,3223.0,18.0,3.0,29.0,222.0,1289.0
2014-05-11,142.0,485.0,755.0,40.0,227.0,245.0,295.0,1481.0,14.0,6.0,491.0,41.0,47.0,1005.0,21.0,45.0,64.0,291.0,143.0,17.0,602.0,448.0,3088.0,18.0,3.0,27.0,249.0,1339.0
2014-05-04,138.0,410.0,762.0,34.0,256.0,235.0,378.0,1571.0,14.0,7.0,490.0,43.0,73.0,963.0,21.0,35.0,61.0,272.0,138.0,17.0,604.0,588.0,2792.0,20.0,3.0,29.0,300.0,1415.0
2014-04-27,123.0,390.0,736.0,33.0,236.0,227.0,326.0,1699.0,12.0,10.0,472.0,42.0,128.0,1003.0,23.0,38.0,43.0,222.0,136.0,20.0,613.0,687.0,2883.0,21.0,3.0,27.0,337.0,1467.0
2014-04-20,125.0,308.0,846.0,41.0,231.0,210.0,298.0,1959.0,16.0,11.0,555.0,55.0,195.0,1108.0,35.0,28.0,58.0,213.0,142.0,23.0,640.0,640.0,3123.0,23.0,5.0,35.0,347.0,1530.0
2014-04-13,110.0,271.0,822.0,55.0,190.0,185.0,312.0,1957.0,13.0,14.0,614.0,64.0,228.0,1218.0,30.0,25.0,45.0,203.0,134.0,26.0,650.0,637.0,2774.0,28.0,4.0,31.0,358.0,1607.0
2014-04-06,101.0,289.0,950.0,88.0,208.0,182.0,376.0,2120.0,14.0,17.0,714.0,59.0,239.0,1243.0,30.0,30.0,72.0,221.0,142.0,32.0,722.0,643.0,3022.0,26.0,6.0,48.0,369.0,1771.0
2014-03-30,107.0,292.0,1123.0,123.0,217.0,166.0,370.0,2144.0,11.0,20.0,768.0,76.0,379.0,1243.0,34.0,31.0,82.0,224.0,135.0,41.0,823.0,701.0,2970.0,34.0,5.0,59.0,404.0,1778.0
2014-03-23,118.0,300.0,1183.0,150.0,204.0,162.0,404.0,2241.0,8.0,25.0,824.0,96.0,873.0,1302.0,34.0,28.0,85.0,214.0,126.0,52.0,910.0,761.0,2852.0,33.0,6.0,90.0,420.0,1750.0
2014-03-16,104.0,268.0,1317.0,153.0,190.0,149.0,539.0,2328.0,6.0,36.0,910.0,138.0,1267.0,1418.0,34.0,24.0,96.0,216.0,113.0,75.0,966.0,767.0,2822.0,36.0,8.0,98.0,481.0,1738.0
2014-03-09,91.0,242.0,1473.0,196.0,203.0,149.0,563.0,2461.0,4.0,54.0,1018.0,187.0,1634.0,1533.0,38.0,21.0,82.0,190.0,109.0,80.0,942.0,990.0,2611.0,44.0,9.0,141.0,574.0,1773.0
2014-03-02,82.0,215.0,1491.0,256.0,154.0,139.0,505.0,2637.0,3.0,95.0,1138.0,299.0,2394.0,1595.0,42.0,25.0,113.0,150.0,103.0,84.0,913.0,1002.0,2319.0,53.0,9.0,188.0,585.0,1873.0
2014-02-23,78.0,182.0,1565.0,411.0,152.0,133.0,643.0,2861.0,2.0,191.0,1108.0,305.0,3311.0,1615.0,46.0,17.0,131.0,140.0,94.0,62.0,856.0,993.0,2434.0,54.0,12.0,196.0,564.0,1986.0
2014-02-16,71.0,145.0,1528.0,527.0,150.0,123.0,889.0,2999.0,3.0,341.0,1187.0,293.0,3117.0,1764.0,44.0,16.0,134.0,132.0,95.0,54.0,791.0,881.0,2615.0,78.0,19.0,257.0,583.0,2228.0
2014-02-09,70.0,132.0,1523.0,388.0,143.0,113.0,1005.0,3438.0,3.0,371.0,1149.0,218.0,2246.0,1773.0,48.0,16.0,228.0,130.0,91.0,54.0,740.0,802.0,2416.0,107.0,18.0,251.0,610.0,2496.0
2014-02-02,76.0,113.0,1401.0,230.0,130.0,105.0,1206.0,3729.0,2.0,286.0,1077.0,124.0,3099.0,1956.0,52.0,12.0,198.0,145.0,93.0,51.0,732.0,792.0,2199.0,204.0,15.0,257.0,535.0,2910.0
2014-01-26,80.0,116.0,1242.0,154.0,124.0,105.0,1407.0,4049.0,3.0,178.0,916.0,106.0,3598.0,2087.0,43.0,10.0,145.0,149.0,87.0,41.0,687.0,726.0,1863.0,363.0,12.0,171.0,456.0,3472.0
2014-01-19,72.0,120.0,1128.0,105.0,127.0,98.0,2008.0,4830.0,3.0,119.0,808.0,87.0,1444.0,1995.0,41.0,13.0,134.0,159.0,90.0,32.0,708.0,592.0,1846.0,387.0,7.0,122.0,395.0,4022.0
2014-01-12,76.0,125.0,1042.0,86.0,132.0,100.0,1516.0,5838.0,3.0,70.0,717.0,76.0,791.0,1786.0,35.0,19.0,95.0,166.0,92.0,28.0,714.0,539.0,2013.0,349.0,6.0,87.0,402.0,4486.0
2014-01-05,70.0,154.0,1095.0,124.0,123.0,110.0,999.0,5766.0,3.0,78.0,798.0,60.0,469.0,1734.0,34.0,19.0,123.0,159.0,105.0,33.0,758.0,606.0,2136.0,294.0,5.0,84.0,427.0,4691.0
2013-12-29,69.0,148.0,1074.0,107.0,101.0,107.0,790.0,5706.0,4.0,114.0,827.0,69.0,357.0,1914.0,40.0,20.0,113.0,170.0,102.0,38.0,754.0,596.0,2422.0,265.0,5.0,72.0,475.0,5008.0
2013-12-22,67.0,135.0,1003.0,90.0,96.0,112.0,618.0,4946.0,4.0,107.0,744.0,67.0,299.0,1992.0,34.0,16.0,83.0,178.0,105.0,32.0,719.0,611.0,2280.0,111.0,5.0,71.0,490.0,4625.0
2013-12-15,69.0,149.0,1074.0,102.0,109.0,114.0,477.0,3745.0,5.0,80.0,820.0,59.0,214.0,1851.0,41.0,18.0,96.0,176.0,102.0,28.0,702.0,601.0,2226.0,44.0,5.0,57.0,442.0,3196.0
2013-12-08,75.0,171.0,1090.0,124.0,129.0,114.0,443.0,2897.0,7.0,68.0,827.0,69.0,167.0,1633.0,45.0,18.0,73.0,164.0,115.0,27.0,692.0,591.0,2001.0,38.0,5.0,54.0,426.0,2238.0
2013-12-01,81.0,185.0,922.0,115.0,143.0,116.0,367.0,2354.0,6.0,55.0,773.0,52.0,142.0,1486.0,41.0,20.0,55.0,167.0,121.0,29.0,670.0,557.0,1973.0,32.0,4.0,45.0,435.0,2043.0
2013-11-24,88.0,198.0,920.0,121.0,153.0,125.0,371.0,2154.0,6.0,45.0,784.0,61.0,106.0,1376.0,43.0,21.0,54.0,202.0,125.0,27.0,677.0,502.0,1929.0,27.0,4.0,52.0,417.0,1708.0
2013-11-17,93.0,205.0,919.0,107.0,164.0,141.0,411.0,2137.0,7.0,35.0,772.0,60.0,81.0,1368.0,42.0,23.0,53.0,208.0,123.0,26.0,628.0,477.0,2130.0,25.0,4.0,43.0,397.0,1661.0
2013-11-10,98.0,235.0,871.0,70.0,150.0,143.0,401.0,2130.0,9.0,25.0,736.0,54.0,67.0,1372.0,35.0,30.0,55.0,205.0,135.0,24.0,624.0,474.0,2365.0,23.0,4.0,40.0,373.0,1628.0
2013-11-03,99.0,261.0,876.0,67.0,178.0,143.0,443.0,2031.0,12.0,21.0,737.0,43.0,48.0,1389.0,35.0,31.0,43.0,214.0,125.0,25.0,646.0,523.0,2454.0,27.0,4.0,40.0,383.0,1560.0
2013-10-27,98.0,270.0,813.0,50.0,196.0,146.0,413.0,1968.0,12.0,19.0,688.0,46.0,36.0,1279.0,30.0,35.0,52.0,210.0,126.0,26.0,662.0,498.0,2362.0,28.0,2.0,32.0,397.0,1460.0
2013-10-20,106.0,269.0,927.0,60.0,216.0,149.0,363.0,1849.0,15.0,20.0,783.0,49.0,19.0,1312.0,32.0,39.0,49.0,242.0,135.0,30.0,674.0,546.0,2356.0,29.0,4.0,35.0,429.0,1445.0
2013-10-13,113.0,288.0,1015.0,66.0,198.0,151.0,365.0,1632.0,14.0,31.0,888.0,52.0,13.0,1266.0,31.0,44.0,36.0,269.0,137.0,35.0,695.0,614.0,2529.0,35.0,3.0,41.0,444.0,1354.0
2013-10-06,128.0,317.0,1090.0,60.0,183.0,152.0,332.0,1585.0,16.0,30.0,914.0,53.0,11.0,1277.0,32.0,54.0,39.0,271.0,135.0,40.0,687.0,653.0,2756.0,28.0,3.0,41.0,525.0,1405.0
2013-09-29,136.0,371.0,1060.0,80.0,195.0,147.0,262.0,1546.0,15.0,27.0,862.0,65.0,10.0,1234.0,39.0,73.0,58.0,263.0,137.0,45.0,630.0,712.0,2964.0,25.0,3.0,44.0,567.0,1363.0
2013-09-22,130.0,438.0,1000.0,80.0,219.0,156.0,214.0,1598.0,18.0,32.0,799.0,59.0,8.0,1186.0,39.0,91.0,88.0,240.0,143.0,41.0,590.0,758.0,3095.0,29.0,3.0,40.0,596.0,1350.0
2013-09-15,125.0,542.0,805.0,60.0,203.0,169.0,160.0,1328.0,15.0,19.0,669.0,54.0,6.0,1157.0,36.0,91.0,93.0,227.0,149.0,22.0,557.0,764.0,3454.0,18.0,2.0,46.0,607.0,1259.0
2013-09-08,147.0,661.0,654.0,27.0,218.0,182.0,158.0,1016.0,17.0,6.0,515.0,41.0,5.0,1119.0,28.0,110.0,96.0,249.0,148.0,12.0,539.0,591.0,3390.0,10.0,2.0,35.0,579.0,1154.0
2013-09-01,178.0,719.0,596.0,14.0,188.0,193.0,161.0,780.0,21.0,3.0,441.0,33.0,4.0,1040.0,25.0,123.0,87.0,241.0,160.0,11.0,532.0,426.0,3265.0,9.0,3.0,33.0,484.0,1085.0
2013-08-25,186.0,932.0,538.0,15.0,206.0,204.0,167.0,660.0,28.0,3.0,387.0,29.0,3.0,898.0,22.0,103.0,77.0,261.0,143.0,11.0,540.0,347.0,3231.0,11.0,2.0,27.0,381.0,977.0
2013-08-18,180.0,914.0,517.0,12.0,227.0,207.0,160.0,627.0,37.0,2.0,324.0,34.0,3.0,837.0,19.0,86.0,47.0,257.0,152.0,12.0,545.0,305.0,3586.0,11.0,2.0,25.0,324.0,952.0
2013-08-11,170.0,788.0,453.0,10.0,195.0,202.0,147.0,698.0,41.0,2.0,301.0,29.0,3.0,835.0,17.0,94.0,30.0,244.0,147.0,12.0,538.0,297.0,3783.0,12.0,1.0,21.0,303.0,907.0
2013-08-04,164.0,764.0,452.0,9.0,169.0,197.0,133.0,707.0,35.0,2.0,264.0,28.0,3.0,852.0,15.0,91.0,24.0,260.0,144.0,12.0,513.0,260.0,3433.0,9.0,1.0,27.0,286.0,869.0
2013-07-28,173.0,684.0,433.0,8.0,175.0,195.0,130.0,635.0,40.0,1.0,255.0,26.0,4.0,848.0,16.0,93.0,21.0,273.0,132.0,12.0,502.0,243.0,3252.0,7.0,1.0,19.0,272.0,850.0
2013-07-21,187.0,575.0,481.0,8.0,157.0,192.0,140.0,690.0,66.0,1.0,264.0,29.0,4.0,835.0,15.0,76.0,21.0,334.0,146.0,12.0,505.0,240.0,2933.0,7.0,1.0,23.0,278.0,956.0
2013-07-14,191.0,528.0,490.0,10.0,166.0,199.0,135.0,710.0,118.0,2.0,313.0,32.0,5.0,838.0,18.0,76.0,19.0,319.0,146.0,12.0,506.0,225.0,2983.0,8.0,1.0,26.0,254.0,907.0
2013-07-07,216.0,508.0,546.0,12.0,188.0,200.0,131.0,715.0,148.0,2.0,351.0,27.0,5.0,837.0,18.0,73.0,18.0,361.0,149.0,12.0,502.0,215.0,3222.0,8.0,1.0,21.0,229.0,941.0
2013-06-30,232.0,492.0,567.0,15.0,173.0,205.0,130.0,839.0,101.0,3.0,375.0,26.0,6.0,858.0,20.0,71.0,23.0,381.0,145.0,13.0,507.0,238.0,3470.0,8.0,1.0,24.0,217.0,925.0
2013-06-23,238.0,505.0,549.0,17.0,178.0,212.0,140.0,821.0,61.0,4.0,375.0,30.0,6.0,825.0,20.0,63.0,24.0,368.0,152.0,13.0,509.0,278.0,4008.0,9.0,1.0,17.0,203.0,966.0
2013-06-16,221.0,507.0,525.0,19.0,182.0,212.0,161.0,831.0,53.0,4.0,353.0,34.0,7.0,798.0,19.0,46.0,22.0,315.0,146.0,12.0,526.0,282.0,4204.0,9.0,1.0,21.0,220.0,997.0
2013-06-09,218.0,513.0,636.0,26.0,198.0,210.0,156.0,835.0,43.0,6.0,413.0,34.0,10.0,803.0,23.0,52.0,19.0,330.0,140.0,13.0,529.0,307.0,3891.0,11.0,2.0,20.0,210.0,1024.0
2013-06-02,207.0,506.0,638.0,26.0,207.0,210.0,150.0,872.0,32.0,7.0,451.0,40.0,15.0,818.0,20.0,48.0,26.0,283.0,143.0,13.0,514.0,310.0,3563.0,14.0,2.0,29.0,232.0,1063.0
2013-05-26,180.0,475.0,588.0,35.0,166.0,203.0,163.0,986.0,22.0,8.0,468.0,34.0,25.0,820.0,19.0,42.0,36.0,258.0,144.0,14.0,514.0,323.0,3439.0,16.0,2.0,27.0,222.0,1149.0
2013-05-19,156.0,443.0,607.0,39.0,219.0,215.0,184.0,1002.0,22.0,9.0,477.0,29.0,44.0,858.0,16.0,32.0,44.0,263.0,140.0,15.0,525.0,331.0,3166.0,17.0,2.0,27.0,209.0,1165.0
2013-05-12,128.0,393.0,638.0,45.0,221.0,214.0,203.0,1046.0,18.0,7.0,518.0,32.0,71.0,919.0,17.0,32.0,47.0,220.0,148.0,17.0,546.0,376.0,3307.0,14.0,2.0,31.0,230.0,1286.0
2013-05-05,109.0,379.0,587.0,39.0,215.0,218.0,213.0,1133.0,14.0,8.0,492.0,33.0,122.0,966.0,19.0,22.0,47.0,229.0,142.0,19.0,569.0,440.0,3120.0,22.0,3.0,23.0,291.0,1438.0
2013-04-28,95.0,305.0,598.0,38.0,195.0,219.0,230.0,1265.0,12.0,8.0,556.0,39.0,157.0,991.0,21.0,23.0,45.0,229.0,151.0,24.0,595.0,471.0,2683.0,18.0,3.0,23.0,359.0,1534.0
2013-04-21,105.0,272.0,726.0,37.0,211.0,225.0,270.0,1379.0,11.0,11.0,577.0,46.0,169.0,988.0,24.0,23.0,51.0,235.0,149.0,28.0,627.0,537.0,2675.0,21.0,4.0,26.0,419.0,1681.0
2013-04-14,106.0,293.0,774.0,48.0,250.0,218.0,332.0,1458.0,12.0,14.0,632.0,54.0,159.0,992.0,31.0,25.0,53.0,224.0,153.0,36.0,669.0,574.0,2381.0,22.0,5.0,30.0,427.0,1747.0
2013-04-07,103.0,286.0,916.0,78.0,242.0,195.0,334.0,1603.0,13.0,24.0,800.0,62.0,144.0,1054.0,43.0,27.0,50.0,219.0,148.0,51.0,719.0,644.0,2418.0,27.0,10.0,54.0,462.0,2121.0
2013-03-31,94.0,277.0,1034.0,102.0,247.0,185.0,348.0,1754.0,8.0,32.0,916.0,90.0,205.0,1067.0,47.0,21.0,65.0,203.0,136.0,64.0,765.0,733.0,2173.0,32.0,13.0,84.0,507.0,2482.0
2013-03-24,113.0,236.0,1026.0,124.0,195.0,167.0,425.0,1642.0,7.0,32.0,950.0,89.0,280.0,1211.0,48.0,18.0,105.0,196.0,131.0,65.0,795.0,873.0,2242.0,46.0,16.0,89.0,576.0,2673.0
2013-03-17,107.0,275.0,1191.0,147.0,214.0,165.0,549.0,1833.0,7.0,44.0,1104.0,103.0,429.0,1312.0,56.0,18.0,119.0,188.0,121.0,62.0,858.0,998.0,2341.0,66.0,15.0,133.0,619.0,2894.0
2013-03-10,84.0,231.0,1341.0,210.0,187.0,149.0,656.0,1901.0,5.0,73.0,1237.0,166.0,503.0,1529.0,60.0,21.0,157.0,167.0,107.0,63.0,928.0,1209.0,2184.0,80.0,19.0,167.0,679.0,3242.0
2013-03-03,76.0,210.0,1641.0,348.0,167.0,137.0,647.0,2068.0,4.0,193.0,1461.0,254.0,764.0,1605.0,80.0,21.0,149.0,143.0,100.0,59.0,948.0,1389.0,2024.0,168.0,27.0,262.0,670.0,3504.0
2013-02-24,78.0,188.0,2060.0,494.0,148.0,139.0,702.0,2306.0,3.0,443.0,1752.0,365.0,1122.0,1540.0,107.0,19.0,147.0,133.0,98.0,70.0,971.0,1757.0,1913.0,157.0,30.0,400.0,637.0,3784.0
2013-02-17,75.0,181.0,2408.0,753.0,124.0,141.0,732.0,2597.0,3.0,894.0,2023.0,417.0,1381.0,1588.0,141.0,17.0,194.0,129.0,103.0,69.0,968.0,1668.0,1983.0,258.0,42.0,537.0,595.0,4240.0
2013-02-10,77.0,144.0,2297.0,1064.0,103.0,131.0,776.0,2768.0,2.0,1099.0,2063.0,336.0,1659.0,1636.0,172.0,13.0,199.0,135.0,96.0,78.0,880.0,1453.0,2037.0,266.0,67.0,669.0,552.0,4555.0
2013-02-03,78.0,144.0,2141.0,1387.0,106.0,116.0,678.0,3230.0,2.0,1324.0,1876.0,220.0,3057.0,1754.0,174.0,10.0,224.0,145.0,103.0,112.0,821.0,1458.0,1854.0,183.0,73.0,687.0,555.0,5541.0
2013-01-27,69.0,131.0,2063.0,1499.0,110.0,112.0,559.0,3939.0,2.0,1278.0,1641.0,169.0,5273.0,1866.0,270.0,12.0,267.0,147.0,88.0,168.0,778.0,1239.0,1758.0,169.0,71.0,719.0,543.0,7209.0
2013-01-20,71.0,122.0,1598.0,802.0,111.0,107.0,498.0,4778.0,2.0,703.0,1332.0,128.0,3872.0,1669.0,233.0,10.0,321.0,140.0,98.0,268.0,696.0,924.0,1854.0,99.0,28.0,598.0,537.0,9408.0
2013-01-13,72.0,152.0,1286.0,374.0,119.0,106.0,438.0,6803.0,2.0,349.0,1033.0,104.0,2182.0,1591.0,127.0,12.0,470.0,136.0,105.0,413.0,651.0,827.0,1796.0,81.0,25.0,392.0,520.0,10555.0
2013-01-06,70.0,156.0,1175.0,372.0,119.0,109.0,389.0,7698.0,3.0,277.0,1015.0,70.0,1342.0,1576.0,126.0,13.0,270.0,134.0,108.0,330.0,662.0,869.0,1813.0,80.0,17.0,280.0,471.0,10112.0
2012-12-30,77.0,155.0,1118.0,270.0,120.0,108.0,423.0,7496.0,3.0,387.0,1187.0,70.0,479.0,1829.0,134.0,17.0,106.0,127.0,102.0,202.0,651.0,953.0,1976.0,78.0,20.0,209.0,439.0,8618.0
2012-12-23,75.0,158.0,976.0,207.0,116.0,106.0,335.0,6425.0,4.0,292.0,1157.0,60.0,340.0,2050.0,122.0,12.0,49.0,119.0,97.0,151.0,618.0,802.0,2083.0,54.0,10.0,186.0,452.0,7904.0
2012-12-16,76.0,146.0,1014.0,143.0,126.0,106.0,313.0,4934.0,4.0,184.0,1042.0,53.0,218.0,1875.0,81.0,14.0,68.0,120.0,95.0,94.0,592.0,807.0,1877.0,29.0,7.0,95.0,440.0,6359.0
2012-12-09,79.0,137.0,970.0,129.0,137.0,111.0,356.0,4003.0,4.0,117.0,936.0,52.0,146.0,1627.0,58.0,15.0,187.0,134.0,108.0,49.0,591.0,786.0,1848.0,32.0,6.0,56.0,460.0,5132.0
2012-12-02,84.0,144.0,831.0,94.0,162.0,118.0,379.0,3262.0,5.0,79.0,872.0,43.0,98.0,1570.0,45.0,19.0,103.0,141.0,120.0,36.0,608.0,765.0,1996.0,29.0,6.0,49.0,460.0,4427.0
2012-11-25,93.0,154.0,811.0,80.0,172.0,127.0,415.0,2719.0,6.0,54.0,836.0,46.0,88.0,1497.0,44.0,21.0,64.0,151.0,125.0,34.0,616.0,724.0,1944.0,26.0,5.0,35.0,469.0,3641.0
2012-11-18,98.0,169.0,817.0,79.0,178.0,129.0,456.0,2401.0,5.0,44.0,850.0,41.0,70.0,1469.0,41.0,25.0,61.0,153.0,127.0,34.0,625.0,669.0,2018.0,21.0,4.0,50.0,459.0,3040.0
2012-11-11,105.0,205.0,850.0,70.0,177.0,126.0,399.0,2247.0,7.0,44.0,860.0,48.0,59.0,1434.0,37.0,21.0,58.0,141.0,126.0,34.0,641.0,701.0,2072.0,26.0,3.0,42.0,454.0,2913.0
2012-11-04,102.0,198.0,855.0,59.0,172.0,126.0,381.0,2091.0,8.0,39.0,870.0,36.0,51.0,1371.0,36.0,20.0,53.0,132.0,130.0,33.0,659.0,680.0,2284.0,24.0,3.0,37.0,429.0,2492.0
2012-10-28,118.0,227.0,812.0,49.0,177.0,128.0,327.0,2013.0,7.0,43.0,815.0,36.0,39.0,1250.0,34.0,24.0,43.0,141.0,128.0,31.0,642.0,628.0,2211.0,25.0,2.0,45.0,429.0,2349.0
2012-10-21,122.0,221.0,909.0,51.0,177.0,138.0,315.0,1909.0,8.0,38.0,864.0,40.0,27.0,1180.0,34.0,30.0,47.0,149.0,136.0,30.0,674.0,599.0,2138.0,23.0,3.0,40.0,454.0,2369.0
2012-10-14,132.0,267.0,916.0,59.0,204.0,152.0,268.0,1946.0,11.0,40.0,923.0,38.0,20.0,1135.0,41.0,35.0,64.0,157.0,129.0,35.0,690.0,676.0,2381.0,35.0,3.0,39.0,453.0,2391.0
2012-10-07,141.0,301.0,926.0,70.0,183.0,134.0,242.0,1861.0,8.0,43.0,914.0,43.0,15.0,1112.0,43.0,40.0,57.0,153.0,134.0,39.0,649.0,676.0,2512.0,43.0,3.0,39.0,472.0,2325.0
2012-09-30,147.0,320.0,895.0,77.0,193.0,150.0,238.0,1789.0,7.0,49.0,743.0,48.0,12.0,1085.0,44.0,42.0,73.0,157.0,133.0,40.0,622.0,719.0,2568.0,34.0,2.0,46.0,463.0,2018.0
2012-09-23,161.0,361.0,830.0,66.0,175.0,151.0,188.0,1699.0,11.0,36.0,718.0,57.0,10.0,1012.0,44.0,57.0,73.0,166.0,141.0,28.0,571.0,773.0,2701.0,21.0,3.0,38.0,519.0,1895.0
2012-09-16,164.0,495.0,684.0,43.0,202.0,150.0,149.0,1393.0,11.0,18.0,627.0,52.0,9.0,1053.0,35.0,65.0,60.0,189.0,147.0,13.0,538.0,770.0,2728.0,18.0,3.0,39.0,568.0,1737.0
2012-09-09,175.0,644.0,517.0,26.0,267.0,160.0,140.0,1047.0,14.0,7.0,508.0,32.0,10.0,994.0,28.0,64.0,75.0,209.0,147.0,8.0,514.0,657.0,2940.0,14.0,3.0,36.0,512.0,1543.0
2012-09-02,166.0,823.0,501.0,17.0,221.0,154.0,140.0,884.0,13.0,4.0,437.0,24.0,8.0,978.0,23.0,95.0,53.0,212.0,156.0,7.0,522.0,449.0,3032.0,12.0,4.0,29.0,399.0,1374.0
2012-08-26,168.0,1191.0,455.0,10.0,245.0,158.0,140.0,819.0,13.0,3.0,358.0,25.0,6.0,858.0,18.0,101.0,32.0,226.0,144.0,7.0,534.0,333.0,3437.0,13.0,2.0,19.0,329.0,1199.0
2012-08-19,159.0,1270.0,433.0,10.0,232.0,166.0,133.0,726.0,12.0,2.0,301.0,25.0,5.0,749.0,14.0,105.0,25.0,215.0,142.0,7.0,527.0,280.0,3890.0,13.0,1.0,15.0,295.0,1095.0
2012-08-12,147.0,1389.0,427.0,11.0,225.0,160.0,118.0,684.0,14.0,2.0,319.0,24.0,5.0,750.0,14.0,110.0,21.0,225.0,139.0,8.0,521.0,226.0,4232.0,12.0,1.0,15.0,257.0,977.0
2012-08-05,144.0,1383.0,426.0,13.0,178.0,157.0,111.0,653.0,13.0,2.0,330.0,24.0,6.0,756.0,14.0,130.0,19.0,246.0,134.0,8.0,517.0,214.0,3858.0,11.0,1.0,12.0,231.0,889.0
2012-07-29,148.0,1300.0,430.0,12.0,195.0,160.0,117.0,583.0,13.0,2.0,328.0,25.0,8.0,779.0,18.0,148.0,18.0,257.0,135.0,9.0,529.0,210.0,3611.0,10.0,1.0,13.0,223.0,869.0
2012-07-22,157.0,1395.0,443.0,12.0,186.0,176.0,117.0,619.0,15.0,3.0,347.0,28.0,9.0,773.0,18.0,136.0,17.0,283.0,140.0,9.0,533.0,220.0,3429.0,9.0,1.0,11.0,217.0,869.0
2012-07-15,152.0,1571.0,487.0,15.0,203.0,176.0,127.0,679.0,26.0,4.0,386.0,27.0,7.0,771.0,23.0,132.0,19.0,311.0,150.0,10.0,506.0,189.0,3191.0,9.0,1.0,16.0,187.0,897.0
2012-07-08,166.0,1977.0,418.0,14.0,207.0,179.0,133.0,764.0,43.0,4.0,372.0,30.0,8.0,750.0,19.0,129.0,20.0,307.0,157.0,11.0,486.0,215.0,3159.0,9.0,1.0,17.0,185.0,939.0
2012-07-01,171.0,1658.0,409.0,17.0,203.0,187.0,146.0,745.0,60.0,3.0,381.0,33.0,7.0,680.0,20.0,92.0,25.0,289.0,153.0,11.0,474.0,243.0,3710.0,10.0,1.0,14.0,186.0,911.0
2012-06-24,197.0,1156.0,491.0,21.0,235.0,196.0,169.0,722.0,76.0,3.0,398.0,30.0,7.0,730.0,21.0,81.0,22.0,287.0,148.0,12.0,481.0,240.0,3344.0,10.0,1.0,15.0,186.0,966.0
2012-06-17,191.0,989.0,467.0,17.0,228.0,192.0,203.0,799.0,72.0,4.0,381.0,29.0,6.0,773.0,19.0,61.0,28.0,259.0,150.0,11.0,486.0,270.0,3667.0,10.0,1.0,17.0,180.0,1136.0
2012-06-10,200.0,738.0,526.0,20.0,276.0,187.0,203.0,819.0,45.0,3.0,377.0,26.0,6.0,796.0,17.0,62.0,23.0,239.0,153.0,12.0,494.0,312.0,3775.0,14.0,1.0,14.0,203.0,1265.0
2012-06-03,184.0,666.0,470.0,19.0,250.0,183.0,183.0,879.0,29.0,3.0,365.0,29.0,7.0,792.0,16.0,47.0,30.0,208.0,146.0,12.0,503.0,360.0,3354.0,13.0,1.0,11.0,227.0,1329.0
2012-05-27,160.0,594.0,495.0,23.0,265.0,205.0,173.0,851.0,19.0,4.0,366.0,33.0,10.0,791.0,15.0,46.0,26.0,198.0,160.0,13.0,488.0,381.0,3382.0,15.0,1.0,15.0,240.0,1428.0
2012-05-20,143.0,511.0,517.0,31.0,227.0,208.0,178.0,1013.0,16.0,5.0,407.0,32.0,14.0,813.0,16.0,37.0,50.0,200.0,158.0,15.0,479.0,467.0,3136.0,16.0,2.0,15.0,234.0,1537.0
2012-05-13,132.0,444.0,522.0,33.0,254.0,197.0,188.0,1057.0,11.0,4.0,440.0,32.0,19.0,824.0,17.0,28.0,37.0,192.0,145.0,16.0,471.0,452.0,2832.0,18.0,2.0,14.0,210.0,1624.0
2012-05-06,121.0,343.0,551.0,39.0,232.0,176.0,198.0,1172.0,9.0,4.0,435.0,31.0,33.0,790.0,20.0,27.0,49.0,181.0,140.0,19.0,488.0,455.0,2734.0,21.0,2.0,16.0,211.0,1651.0
2012-04-29,108.0,298.0,544.0,29.0,208.0,170.0,217.0,1358.0,8.0,6.0,434.0,42.0,61.0,816.0,21.0,23.0,37.0,179.0,150.0,22.0,506.0,504.0,2642.0,24.0,2.0,15.0,260.0,1625.0
2012-04-22,98.0,245.0,622.0,37.0,220.0,164.0,235.0,1354.0,8.0,9.0,527.0,44.0,121.0,844.0,22.0,21.0,38.0,172.0,159.0,24.0,521.0,467.0,2490.0,21.0,2.0,23.0,302.0,1729.0
2012-04-15,93.0,299.0,662.0,42.0,242.0,161.0,244.0,1583.0,8.0,14.0,579.0,49.0,176.0,877.0,25.0,22.0,48.0,169.0,161.0,25.0,539.0,448.0,2698.0,20.0,4.0,32.0,331.0,1785.0
2012-04-08,96.0,272.0,670.0,40.0,225.0,155.0,263.0,1757.0,8.0,17.0,586.0,60.0,191.0,921.0,26.0,21.0,62.0,166.0,138.0,29.0,591.0,516.0,2312.0,18.0,5.0,33.0,354.0,1799.0
2012-04-01,86.0,265.0,657.0,53.0,215.0,141.0,293.0,1742.0,6.0,19.0,574.0,74.0,197.0,982.0,26.0,20.0,56.0,157.0,124.0,32.0,658.0,512.0,2120.0,22.0,7.0,43.0,389.0,1801.0
2012-03-25,92.0,333.0,814.0,69.0,244.0,149.0,324.0,1860.0,6.0,24.0,693.0,106.0,276.0,1084.0,29.0,17.0,79.0,144.0,127.0,38.0,743.0,562.0,2031.0,25.0,12.0,64.0,462.0,1936.0
2012-03-18,79.0,300.0,972.0,100.0,235.0,142.0,381.0,2202.0,5.0,41.0,840.0,167.0,368.0,1176.0,38.0,21.0,112.0,125.0,116.0,42.0,870.0,551.0,2039.0,26.0,20.0,100.0,517.0,2162.0
2012-03-11,72.0,271.0,1138.0,162.0,191.0,135.0,476.0,2495.0,3.0,79.0,957.0,288.0,516.0,1317.0,47.0,17.0,181.0,114.0,99.0,39.0,950.0,614.0,2067.0,33.0,50.0,131.0,586.0,2556.0
2012-03-04,64.0,251.0,1310.0,243.0,170.0,125.0,436.0,2698.0,2.0,190.0,1008.0,286.0,999.0,1383.0,62.0,18.0,202.0,101.0,92.0,35.0,862.0,528.0,1926.0,37.0,45.0,173.0,533.0,2586.0
2012-02-26,63.0,216.0,1540.0,414.0,156.0,127.0,444.0,2589.0,2.0,454.0,1123.0,295.0,1351.0,1362.0,87.0,16.0,294.0,92.0,90.0,35.0,872.0,612.0,1884.0,87.0,34.0,204.0,493.0,2519.0
2012-02-19,57.0,174.0,1510.0,543.0,134.0,113.0,496.0,2583.0,2.0,498.0,1144.0,242.0,2341.0,1349.0,96.0,13.0,349.0,91.0,95.0,37.0,832.0,591.0,1872.0,181.0,23.0,203.0,445.0,2710.0
2012-02-12,54.0,153.0,1281.0,439.0,119.0,103.0,537.0,2248.0,2.0,320.0,1028.0,155.0,1579.0,1325.0,66.0,10.0,340.0,90.0,84.0,34.0,785.0,588.0,2056.0,206.0,17.0,159.0,381.0,2501.0
2012-02-05,56.0,117.0,1075.0,231.0,119.0,95.0,645.0,2060.0,3.0,195.0,956.0,85.0,1821.0,1420.0,54.0,11.0,285.0,86.0,90.0,31.0,762.0,554.0,1801.0,155.0,11.0,106.0,396.0,2348.0
2012-01-29,56.0,95.0,866.0,122.0,117.0,94.0,879.0,2032.0,2.0,120.0,862.0,75.0,1654.0,1496.0,44.0,10.0,210.0,83.0,93.0,32.0,726.0,471.0,1695.0,90.0,8.0,86.0,376.0,2507.0
2012-01-22,57.0,85.0,784.0,98.0,120.0,90.0,784.0,2056.0,2.0,86.0,767.0,75.0,1090.0,1579.0,40.0,10.0,183.0,85.0,90.0,31.0,629.0,419.0,1620.0,77.0,5.0,61.0,368.0,2475.0
2012-01-15,56.0,100.0,808.0,90.0,114.0,89.0,539.0,2118.0,2.0,75.0,739.0,67.0,598.0,1517.0,42.0,10.0,122.0,92.0,92.0,34.0,627.0,453.0,1572.0,49.0,4.0,62.0,344.0,2411.0
2012-01-08,55.0,122.0,817.0,72.0,101.0,95.0,498.0,2327.0,2.0,49.0,815.0,60.0,336.0,1458.0,40.0,11.0,117.0,93.0,97.0,31.0,645.0,448.0,1627.0,57.0,4.0,50.0,346.0,2500.0
2012-01-01,58.0,156.0,819.0,68.0,105.0,100.0,497.0,2816.0,3.0,71.0,892.0,60.0,222.0,1362.0,35.0,14.0,136.0,97.0,97.0,31.0,630.0,474.0,2017.0,53.0,4.0,40.0,360.0,2860.0
2011-12-25,57.0,141.0,850.0,80.0,117.0,97.0,460.0,2988.0,3.0,71.0,920.0,47.0,169.0,1473.0,37.0,18.0,84.0,99.0,86.0,31.0,604.0,433.0,2034.0,45.0,5.0,48.0,380.0,2741.0
2011-12-18,56.0,207.0,829.0,80.0,122.0,101.0,444.0,2450.0,2.0,61.0,914.0,50.0,135.0,1359.0,37.0,15.0,66.0,107.0,87.0,32.0,600.0,422.0,1973.0,18.0,3.0,42.0,380.0,2370.0
2011-12-11,62.0,177.0,888.0,93.0,139.0,110.0,473.0,2269.0,3.0,62.0,933.0,63.0,88.0,1283.0,44.0,12.0,93.0,117.0,103.0,33.0,611.0,463.0,1956.0,22.0,4.0,38.0,394.0,2094.0
2011-12-04,62.0,188.0,782.0,109.0,150.0,114.0,460.0,2035.0,3.0,59.0,924.0,61.0,62.0,1184.0,43.0,12.0,70.0,129.0,114.0,29.0,627.0,368.0,1973.0,21.0,4.0,36.0,446.0,1981.0
2011-11-27,68.0,189.0,865.0,96.0,157.0,120.0,468.0,1920.0,4.0,53.0,929.0,66.0,48.0,1115.0,46.0,18.0,80.0,132.0,123.0,28.0,624.0,420.0,1695.0,19.0,4.0,37.0,491.0,2033.0
2011-11-20,77.0,202.0,806.0,88.0,186.0,133.0,430.0,1957.0,3.0,47.0,921.0,54.0,42.0,1036.0,49.0,17.0,77.0,145.0,118.0,27.0,649.0,414.0,1622.0,18.0,3.0,35.0,503.0,1785.0
2011-11-13,85.0,220.0,713.0,82.0,201.0,132.0,449.0,1950.0,4.0,39.0,909.0,53.0,37.0,1056.0,43.0,15.0,64.0,149.0,118.0,28.0,653.0,394.0,1790.0,16.0,4.0,33.0,469.0,1880.0
2011-11-06,85.0,235.0,712.0,59.0,191.0,141.0,441.0,1919.0,4.0,25.0,866.0,47.0,30.0,1093.0,44.0,20.0,72.0,151.0,128.0,28.0,647.0,428.0,2028.0,16.0,4.0,28.0,466.0,1797.0
2011-10-30,92.0,246.0,669.0,51.0,200.0,141.0,397.0,1926.0,3.0,25.0,753.0,43.0,24.0,1067.0,36.0,24.0,52.0,146.0,128.0,29.0,655.0,456.0,1933.0,14.0,3.0,26.0,475.0,1788.0
2011-10-23,91.0,266.0,674.0,82.0,206.0,136.0,343.0,1679.0,4.0,28.0,806.0,48.0,22.0,1020.0,33.0,25.0,52.0,138.0,129.0,27.0,675.0,450.0,2089.0,15.0,3.0,21.0,480.0,1638.0
2011-10-16,89.0,285.0,750.0,62.0,204.0,136.0,335.0,1467.0,4.0,30.0,817.0,52.0,16.0,962.0,30.0,34.0,53.0,145.0,131.0,28.0,758.0,467.0,2108.0,19.0,3.0,21.0,458.0,1608.0
2011-10-09,81.0,274.0,644.0,55.0,192.0,123.0,271.0,1248.0,4.0,22.0,726.0,48.0,11.0,822.0,23.0,36.0,52.0,145.0,124.0,30.0,722.0,458.0,2359.0,13.0,2.0,15.0,410.0,1640.0
2011-10-02,88.0,246.0,564.0,45.0,193.0,132.0,188.0,1120.0,3.0,18.0,611.0,47.0,11.0,807.0,21.0,50.0,53.0,156.0,132.0,31.0,679.0,500.0,2526.0,14.0,2.0,14.0,405.0,1587.0
2011-09-25,95.0,296.0,549.0,40.0,202.0,145.0,132.0,1030.0,4.0,17.0,599.0,43.0,6.0,777.0,24.0,65.0,64.0,172.0,137.0,25.0,586.0,538.0,2724.0,11.0,2.0,17.0,426.0,1521.0
2011-09-18,100.0,266.0,423.0,36.0,224.0,154.0,117.0,764.0,6.0,12.0,506.0,43.0,4.0,709.0,23.0,52.0,44.0,175.0,142.0,12.0,516.0,510.0,2588.0,5.0,1.0,10.0,435.0,1343.0
2011-09-11,116.0,261.0,327.0,17.0,252.0,158.0,113.0,476.0,5.0,4.0,396.0,36.0,4.0,657.0,16.0,45.0,35.0,182.0,162.0,8.0,499.0,415.0,2773.0,4.0,1.0,8.0,381.0,1127.0
2011-09-04,145.0,273.0,318.0,12.0,253.0,165.0,112.0,372.0,8.0,2.0,352.0,27.0,4.0,638.0,15.0,57.0,48.0,194.0,182.0,7.0,487.0,319.0,2757.0,4.0,1.0,7.0,340.0,951.0
2011-08-28,147.0,302.0,320.0,9.0,271.0,171.0,124.0,238.0,10.0,2.0,316.0,27.0,3.0,543.0,14.0,69.0,29.0,206.0,157.0,6.0,483.0,229.0,2468.0,3.0,1.0,4.0,307.0,821.0
2011-08-21,152.0,291.0,301.0,8.0,259.0,173.0,128.0,211.0,13.0,2.0,256.0,29.0,3.0,492.0,13.0,82.0,25.0,198.0,181.0,7.0,472.0,193.0,2641.0,4.0,1.0,3.0,283.0,717.0
2011-08-14,134.0,332.0,311.0,7.0,244.0,171.0,142.0,231.0,17.0,2.0,263.0,25.0,3.0,510.0,12.0,62.0,23.0,186.0,154.0,7.0,473.0,176.0,3051.0,3.0,1.0,4.0,241.0,634.0
2011-08-07,140.0,397.0,291.0,7.0,223.0,159.0,162.0,180.0,20.0,2.0,297.0,20.0,3.0,494.0,10.0,65.0,20.0,186.0,137.0,7.0,481.0,189.0,3043.0,2.0,1.0,4.0,221.0,616.0
2011-07-31,144.0,442.0,335.0,9.0,209.0,151.0,165.0,323.0,15.0,2.0,298.0,18.0,3.0,581.0,10.0,76.0,20.0,183.0,129.0,7.0,467.0,170.0,2886.0,3.0,1.0,5.0,214.0,597.0
2011-07-24,146.0,391.0,345.0,10.0,231.0,150.0,164.0,243.0,12.0,2.0,286.0,20.0,3.0,612.0,10.0,68.0,15.0,187.0,118.0,7.0,464.0,144.0,3078.0,2.0,0.0,5.0,191.0,604.0
2011-07-17,165.0,381.0,363.0,10.0,185.0,159.0,158.0,332.0,10.0,2.0,282.0,21.0,3.0,594.0,11.0,65.0,19.0,204.0,139.0,8.0,480.0,155.0,3143.0,2.0,1.0,4.0,173.0,610.0
2011-07-10,189.0,356.0,357.0,11.0,191.0,175.0,163.0,354.0,10.0,2.0,280.0,21.0,4.0,600.0,11.0,71.0,22.0,217.0,150.0,8.0,492.0,151.0,3161.0,3.0,1.0,5.0,187.0,626.0
2011-07-03,190.0,356.0,362.0,11.0,223.0,181.0,188.0,409.0,9.0,2.0,295.0,21.0,4.0,578.0,12.0,60.0,24.0,215.0,156.0,9.0,494.0,157.0,3197.0,2.0,1.0,6.0,175.0,639.0
2011-06-26,179.0,422.0,381.0,9.0,249.0,195.0,219.0,410.0,10.0,2.0,269.0,24.0,4.0,542.0,11.0,51.0,20.0,228.0,160.0,10.0,503.0,172.0,2971.0,3.0,0.0,5.0,180.0,651.0
2011-06-19,160.0,503.0,352.0,13.0,262.0,202.0,234.0,476.0,12.0,2.0,272.0,26.0,4.0,555.0,13.0,46.0,21.0,226.0,168.0,10.0,522.0,157.0,3679.0,4.0,1.0,5.0,170.0,714.0
2011-06-12,173.0,381.0,390.0,16.0,291.0,226.0,227.0,518.0,10.0,2.0,265.0,25.0,6.0,630.0,11.0,42.0,21.0,234.0,172.0,11.0,532.0,175.0,4060.0,5.0,1.0,6.0,182.0,744.0
2011-06-05,162.0,364.0,401.0,17.0,291.0,222.0,249.0,606.0,10.0,3.0,287.0,23.0,7.0,675.0,12.0,45.0,35.0,237.0,167.0,12.0,566.0,200.0,4046.0,5.0,1.0,6.0,181.0,811.0
2011-05-29,154.0,349.0,390.0,21.0,272.0,239.0,277.0,625.0,10.0,2.0,284.0,28.0,11.0,669.0,12.0,34.0,34.0,231.0,175.0,14.0,583.0,239.0,3719.0,5.0,1.0,6.0,196.0,859.0
2011-05-22,137.0,299.0,414.0,23.0,314.0,239.0,273.0,683.0,8.0,2.0,321.0,30.0,14.0,683.0,13.0,28.0,40.0,230.0,182.0,14.0,584.0,275.0,3226.0,5.0,1.0,8.0,217.0,882.0
2011-05-15,134.0,315.0,482.0,25.0,297.0,234.0,303.0,775.0,9.0,2.0,328.0,29.0,19.0,708.0,13.0,24.0,27.0,212.0,185.0,16.0,577.0,317.0,3052.0,6.0,1.0,8.0,236.0,937.0
2011-05-08,126.0,275.0,443.0,24.0,291.0,224.0,318.0,766.0,7.0,2.0,327.0,31.0,29.0,675.0,13.0,23.0,18.0,225.0,169.0,17.0,589.0,345.0,3095.0,6.0,1.0,6.0,245.0,965.0
2011-05-01,120.0,244.0,464.0,26.0,279.0,211.0,295.0,879.0,6.0,3.0,383.0,31.0,52.0,736.0,11.0,22.0,20.0,252.0,162.0,19.0,602.0,377.0,2700.0,6.0,1.0,9.0,267.0,1013.0
2011-04-24,115.0,192.0,499.0,32.0,253.0,204.0,285.0,1011.0,6.0,3.0,398.0,38.0,78.0,735.0,12.0,18.0,20.0,255.0,163.0,21.0,614.0,378.0,2532.0,6.0,1.0,7.0,293.0,1055.0
2011-04-17,99.0,170.0,501.0,31.0,233.0,178.0,280.0,1097.0,5.0,4.0,465.0,40.0,72.0,746.0,15.0,19.0,18.0,255.0,152.0,23.0,617.0,396.0,2216.0,6.0,2.0,11.0,310.0,1126.0
2011-04-10,107.0,254.0,609.0,41.0,242.0,196.0,315.0,1172.0,5.0,6.0,596.0,49.0,73.0,861.0,17.0,16.0,25.0,275.0,150.0,27.0,679.0,437.0,2297.0,9.0,2.0,12.0,307.0,1228.0
2011-04-03,106.0,228.0,645.0,47.0,243.0,189.0,341.0,1348.0,4.0,8.0,625.0,49.0,82.0,949.0,20.0,18.0,36.0,249.0,144.0,32.0,731.0,439.0,2096.0,10.0,3.0,15.0,323.0,1405.0
2011-03-27,104.0,201.0,704.0,58.0,251.0,180.0,424.0,1476.0,4.0,10.0,687.0,64.0,111.0,1036.0,21.0,17.0,37.0,235.0,157.0,42.0,790.0,496.0,2101.0,12.0,4.0,25.0,343.0,1589.0
2011-03-20,89.0,212.0,818.0,62.0,249.0,178.0,520.0,1665.0,5.0,12.0,798.0,81.0,150.0,1162.0,25.0,14.0,40.0,223.0,140.0,55.0,855.0,540.0,2058.0,12.0,6.0,41.0,425.0,1776.0
2011-03-13,77.0,198.0,911.0,80.0,247.0,169.0,627.0,1784.0,3.0,14.0,967.0,113.0,143.0,1327.0,33.0,19.0,48.0,192.0,124.0,74.0,970.0,679.0,1928.0,16.0,8.0,49.0,549.0,2076.0
2011-03-06,61.0,210.0,940.0,79.0,196.0,152.0,814.0,2023.0,2.0,20.0,1003.0,152.0,220.0,1472.0,31.0,14.0,59.0,153.0,102.0,102.0,1013.0,848.0,2126.0,18.0,10.0,69.0,683.0,2482.0
2011-02-27,62.0,192.0,972.0,116.0,186.0,150.0,938.0,2182.0,1.0,33.0,1037.0,182.0,268.0,1435.0,34.0,14.0,73.0,133.0,94.0,120.0,1088.0,976.0,2062.0,20.0,14.0,82.0,727.0,2980.0
2011-02-20,62.0,154.0,1071.0,134.0,153.0,149.0,1140.0,2313.0,2.0,61.0,1095.0,226.0,372.0,1413.0,40.0,9.0,97.0,124.0,104.0,121.0,1143.0,1161.0,2004.0,27.0,14.0,99.0,637.0,3565.0
2011-02-13,67.0,134.0,1298.0,189.0,128.0,134.0,1269.0,2307.0,2.0,129.0,1244.0,316.0,565.0,1411.0,53.0,11.0,163.0,120.0,96.0,126.0,1046.0,1320.0,2232.0,40.0,15.0,158.0,581.0,4077.0
2011-02-06,67.0,108.0,1510.0,286.0,123.0,122.0,1269.0,2735.0,2.0,234.0,1429.0,430.0,976.0,1434.0,68.0,10.0,232.0,122.0,96.0,183.0,955.0,1754.0,2311.0,61.0,16.0,219.0,580.0,3784.0
2011-01-30,67.0,92.0,1635.0,329.0,112.0,118.0,1754.0,2952.0,2.0,322.0,1469.0,426.0,985.0,1522.0,91.0,9.0,341.0,124.0,96.0,186.0,953.0,1737.0,2146.0,60.0,10.0,231.0,563.0,3601.0
2011-01-23,65.0,96.0,1447.0,291.0,112.0,121.0,2430.0,3162.0,1.0,331.0,1261.0,291.0,918.0,1576.0,82.0,9.0,423.0,130.0,106.0,200.0,932.0,1303.0,1776.0,69.0,7.0,190.0,517.0,3554.0
2011-01-16,62.0,104.0,1244.0,326.0,118.0,121.0,1785.0,3350.0,2.0,368.0,1148.0,192.0,624.0,1470.0,97.0,10.0,601.0,130.0,106.0,187.0,832.0,914.0,1784.0,89.0,8.0,189.0,498.0,3089.0
2011-01-09,63.0,103.0,1089.0,482.0,119.0,128.0,1275.0,3448.0,2.0,431.0,1099.0,130.0,342.0,1436.0,107.0,10.0,625.0,140.0,108.0,159.0,789.0,808.0,1642.0,170.0,7.0,180.0,548.0,2726.0
2011-01-02,67.0,118.0,930.0,551.0,123.0,136.0,1042.0,3924.0,2.0,490.0,1218.0,103.0,187.0,1604.0,105.0,9.0,522.0,148.0,110.0,97.0,723.0,890.0,1695.0,256.0,9.0,202.0,666.0,2978.0
2010-12-26,70.0,100.0,849.0,333.0,122.0,137.0,698.0,3816.0,3.0,337.0,1076.0,84.0,133.0,1959.0,67.0,13.0,416.0,145.0,109.0,53.0,672.0,587.0,2059.0,209.0,5.0,139.0,751.0,2917.0
2010-12-19,71.0,111.0,779.0,195.0,137.0,129.0,626.0,3062.0,3.0,165.0,896.0,73.0,103.0,1974.0,48.0,12.0,267.0,152.0,101.0,42.0,675.0,603.0,1855.0,54.0,3.0,60.0,799.0,2512.0
2010-12-12,90.0,102.0,776.0,171.0,150.0,135.0,633.0,2526.0,3.0,104.0,920.0,64.0,73.0,1906.0,42.0,11.0,194.0,158.0,132.0,38.0,681.0,493.0,1827.0,26.0,4.0,45.0,716.0,2113.0
2010-12-05,91.0,110.0,710.0,122.0,168.0,135.0,526.0,2174.0,3.0,56.0,895.0,68.0,51.0,1678.0,35.0,13.0,115.0,168.0,155.0,32.0,639.0,469.0,1867.0,20.0,2.0,28.0,626.0,1943.0
2010-11-28,106.0,124.0,722.0,102.0,205.0,148.0,548.0,1960.0,4.0,45.0,824.0,52.0,48.0,1478.0,30.0,16.0,71.0,188.0,166.0,29.0,634.0,495.0,1865.0,13.0,3.0,25.0,541.0,1960.0
2010-11-21,124.0,150.0,691.0,73.0,222.0,159.0,629.0,1815.0,5.0,28.0,807.0,55.0,44.0,1412.0,28.0,16.0,70.0,198.0,178.0,27.0,652.0,436.0,1817.0,16.0,2.0,27.0,493.0,1661.0
2010-11-14,139.0,180.0,658.0,54.0,217.0,161.0,685.0,1797.0,5.0,18.0,744.0,50.0,45.0,1365.0,25.0,16.0,75.0,203.0,188.0,28.0,681.0,393.0,1824.0,12.0,2.0,24.0,420.0,1864.0
2010-11-07,133.0,206.0,643.0,46.0,220.0,165.0,648.0,1613.0,6.0,15.0,771.0,62.0,37.0,1283.0,23.0,23.0,77.0,196.0,197.0,29.0,637.0,418.0,1934.0,12.0,3.0,20.0,414.0,1758.0
2010-10-31,149.0,221.0,598.0,48.0,239.0,163.0,631.0,1594.0,8.0,18.0,729.0,53.0,21.0,1165.0,22.0,23.0,91.0,195.0,191.0,31.0,673.0,419.0,2238.0,13.0,2.0,24.0,417.0,1685.0
2010-10-24,145.0,214.0,609.0,57.0,301.0,166.0,655.0,1419.0,8.0,21.0,791.0,57.0,18.0,1111.0,23.0,22.0,75.0,208.0,183.0,34.0,687.0,477.0,2063.0,15.0,2.0,19.0,488.0,1596.0
2010-10-17,154.0,240.0,755.0,61.0,336.0,167.0,673.0,1486.0,9.0,26.0,831.0,45.0,17.0,1105.0,23.0,25.0,59.0,202.0,193.0,34.0,720.0,511.0,2038.0,15.0,3.0,19.0,542.0,1566.0
2010-10-10,146.0,287.0,833.0,58.0,288.0,155.0,588.0,1486.0,16.0,29.0,927.0,56.0,12.0,1099.0,25.0,32.0,62.0,202.0,194.0,34.0,736.0,537.0,2165.0,14.0,2.0,19.0,553.0,1421.0
2010-10-03,155.0,316.0,827.0,65.0,312.0,145.0,496.0,1552.0,28.0,31.0,916.0,50.0,11.0,1055.0,28.0,29.0,55.0,204.0,168.0,38.0,742.0,603.0,2289.0,16.0,2.0,21.0,589.0,1430.0
2010-09-26,150.0,367.0,867.0,74.0,278.0,156.0,470.0,1519.0,48.0,41.0,938.0,65.0,8.0,969.0,27.0,37.0,69.0,207.0,182.0,44.0,755.0,653.0,2508.0,15.0,2.0,26.0,539.0,1335.0
2010-09-19,138.0,405.0,768.0,72.0,275.0,176.0,382.0,1409.0,77.0,27.0,896.0,71.0,5.0,927.0,32.0,39.0,71.0,202.0,197.0,41.0,695.0,669.0,2312.0,9.0,2.0,21.0,613.0,1315.0
2010-09-12,143.0,471.0,678.0,54.0,259.0,188.0,283.0,1121.0,109.0,16.0,835.0,67.0,4.0,947.0,27.0,47.0,64.0,212.0,206.0,14.0,647.0,775.0,2710.0,6.0,2.0,21.0,615.0,1187.0
2010-09-05,153.0,516.0,578.0,34.0,293.0,188.0,318.0,857.0,141.0,7.0,745.0,44.0,4.0,913.0,25.0,52.0,97.0,248.0,208.0,8.0,612.0,595.0,2970.0,7.0,2.0,17.0,489.0,1030.0
2010-08-29,165.0,543.0,499.0,21.0,280.0,214.0,391.0,648.0,102.0,5.0,557.0,33.0,3.0,846.0,19.0,65.0,84.0,277.0,173.0,6.0,559.0,367.0,3106.0,6.0,2.0,16.0,388.0,924.0
2010-08-22,181.0,563.0,489.0,17.0,275.0,234.0,357.0,569.0,65.0,4.0,432.0,40.0,3.0,785.0,15.0,93.0,49.0,292.0,181.0,6.0,571.0,324.0,3446.0,7.0,2.0,13.0,370.0,846.0
2010-08-15,187.0,536.0,476.0,11.0,290.0,223.0,272.0,506.0,39.0,4.0,385.0,36.0,3.0,767.0,14.0,95.0,35.0,257.0,175.0,7.0,569.0,260.0,3772.0,7.0,1.0,9.0,337.0,804.0
2010-08-08,194.0,460.0,462.0,11.0,237.0,193.0,233.0,442.0,19.0,3.0,335.0,34.0,3.0,763.0,12.0,123.0,28.0,241.0,172.0,7.0,552.0,241.0,3732.0,4.0,1.0,9.0,312.0,754.0
2010-08-01,175.0,434.0,389.0,9.0,208.0,171.0,247.0,468.0,10.0,3.0,316.0,33.0,3.0,753.0,11.0,130.0,23.0,239.0,147.0,7.0,518.0,208.0,3969.0,4.0,1.0,7.0,269.0,757.0
2010-07-25,192.0,379.0,423.0,9.0,210.0,166.0,247.0,481.0,7.0,3.0,305.0,40.0,3.0,704.0,12.0,110.0,21.0,235.0,131.0,8.0,512.0,214.0,3403.0,4.0,1.0,7.0,244.0,744.0
2010-07-18,185.0,357.0,406.0,8.0,197.0,164.0,237.0,462.0,10.0,2.0,282.0,44.0,3.0,713.0,11.0,81.0,19.0,223.0,169.0,8.0,468.0,208.0,3177.0,3.0,1.0,8.0,207.0,737.0
2010-07-11,200.0,323.0,405.0,8.0,203.0,175.0,245.0,451.0,10.0,2.0,254.0,36.0,3.0,673.0,11.0,62.0,21.0,198.0,174.0,9.0,445.0,193.0,3281.0,3.0,1.0,8.0,189.0,752.0
2010-07-04,187.0,245.0,411.0,7.0,208.0,189.0,243.0,561.0,9.0,2.0,281.0,32.0,3.0,615.0,11.0,52.0,24.0,192.0,175.0,9.0,446.0,213.0,3096.0,3.0,1.0,7.0,187.0,760.0
2010-06-27,211.0,265.0,420.0,7.0,229.0,203.0,244.0,445.0,8.0,2.0,306.0,29.0,4.0,630.0,10.0,45.0,23.0,192.0,178.0,10.0,447.0,223.0,3300.0,3.0,1.0,7.0,180.0,765.0
2010-06-20,207.0,281.0,441.0,11.0,268.0,225.0,270.0,546.0,7.0,3.0,354.0,27.0,4.0,687.0,12.0,31.0,24.0,216.0,188.0,11.0,475.0,249.0,3322.0,4.0,1.0,6.0,187.0,786.0
2010-06-13,210.0,307.0,419.0,12.0,286.0,228.0,282.0,592.0,7.0,3.0,346.0,31.0,4.0,677.0,11.0,41.0,22.0,228.0,198.0,12.0,507.0,272.0,3071.0,4.0,1.0,9.0,171.0,808.0
2010-06-06,196.0,337.0,466.0,16.0,314.0,223.0,304.0,570.0,7.0,3.0,365.0,37.0,5.0,715.0,12.0,37.0,29.0,248.0,190.0,12.0,525.0,276.0,3117.0,4.0,1.0,6.0,190.0,858.0
2010-05-30,186.0,230.0,462.0,22.0,239.0,212.0,306.0,641.0,7.0,4.0,424.0,44.0,5.0,778.0,12.0,26.0,32.0,246.0,187.0,12.0,537.0,295.0,2687.0,6.0,1.0,5.0,205.0,965.0
2010-05-23,186.0,319.0,506.0,26.0,271.0,226.0,314.0,715.0,7.0,5.0,491.0,50.0,6.0,775.0,11.0,28.0,36.0,229.0,195.0,12.0,557.0,305.0,3121.0,7.0,1.0,8.0,226.0,989.0
2010-05-16,180.0,316.0,527.0,35.0,255.0,232.0,309.0,833.0,7.0,7.0,594.0,42.0,7.0,817.0,14.0,20.0,54.0,237.0,186.0,13.0,519.0,356.0,3178.0,8.0,1.0,10.0,218.0,1042.0
2010-05-09,163.0,280.0,460.0,31.0,260.0,214.0,334.0,868.0,6.0,6.0,508.0,40.0,6.0,811.0,14.0,25.0,59.0,229.0,186.0,13.0,527.0,408.0,3065.0,6.0,1.0,7.0,232.0,1060.0
2010-05-02,134.0,214.0,490.0,27.0,246.0,196.0,390.0,854.0,5.0,5.0,490.0,43.0,7.0,850.0,13.0,28.0,53.0,216.0,175.0,13.0,576.0,484.0,2799.0,6.0,2.0,6.0,279.0,1088.0
2010-04-25,142.0,211.0,530.0,24.0,250.0,200.0,379.0,966.0,6.0,4.0,472.0,46.0,7.0,907.0,14.0,19.0,34.0,223.0,199.0,14.0,604.0,521.0,2747.0,5.0,2.0,6.0,294.0,1149.0
2010-04-18,127.0,170.0,502.0,22.0,262.0,209.0,345.0,1005.0,5.0,5.0,490.0,42.0,7.0,890.0,14.0,19.0,28.0,259.0,193.0,16.0,588.0,469.0,2417.0,5.0,2.0,7.0,269.0,1110.0
2010-04-11,114.0,167.0,514.0,25.0,299.0,210.0,366.0,1077.0,5.0,7.0,497.0,31.0,6.0,1009.0,16.0,16.0,26.0,262.0,187.0,18.0,573.0,456.0,2350.0,6.0,2.0,9.0,256.0,1123.0
2010-04-04,109.0,125.0,500.0,26.0,285.0,193.0,385.0,1160.0,4.0,8.0,498.0,32.0,6.0,917.0,17.0,12.0,36.0,213.0,162.0,20.0,598.0,419.0,2224.0,8.0,2.0,10.0,254.0,1257.0
2010-03-28,95.0,122.0,510.0,34.0,258.0,166.0,397.0,1255.0,4.0,9.0,515.0,37.0,8.0,1037.0,16.0,17.0,29.0,188.0,151.0,22.0,618.0,389.0,2288.0,5.0,2.0,10.0,288.0,1350.0
2010-03-21,98.0,158.0,640.0,47.0,250.0,171.0,476.0,1404.0,3.0,9.0,627.0,53.0,10.0,1351.0,20.0,17.0,49.0,174.0,160.0,25.0,669.0,421.0,2044.0,8.0,3.0,12.0,308.0,1511.0
2010-03-14,92.0,174.0,688.0,54.0,210.0,172.0,616.0,1523.0,2.0,11.0,699.0,54.0,13.0,1515.0,23.0,15.0,52.0,149.0,151.0,27.0,667.0,470.0,2138.0,8.0,3.0,14.0,334.0,1619.0
2010-03-07,71.0,167.0,708.0,52.0,186.0,175.0,584.0,1725.0,1.0,13.0,784.0,52.0,17.0,1667.0,22.0,16.0,50.0,133.0,135.0,28.0,680.0,477.0,2153.0,10.0,2.0,15.0,381.0,1793.0
2010-02-28,70.0,138.0,742.0,46.0,164.0,152.0,548.0,1748.0,1.0,15.0,826.0,46.0,21.0,1739.0,19.0,12.0,54.0,108.0,121.0,31.0,657.0,527.0,1991.0,8.0,2.0,16.0,361.0,1888.0
2010-02-21,71.0,136.0,854.0,55.0,156.0,145.0,592.0,1751.0,1.0,19.0,979.0,61.0,37.0,1627.0,25.0,12.0,58.0,104.0,122.0,33.0,648.0,646.0,1967.0,9.0,2.0,21.0,391.0,1968.0
2010-02-14,68.0,93.0,844.0,48.0,145.0,130.0,567.0,1717.0,2.0,26.0,946.0,78.0,51.0,1599.0,29.0,10.0,64.0,96.0,121.0,35.0,640.0,720.0,2019.0,11.0,3.0,26.0,417.0,2000.0
2010-02-07,70.0,84.0,796.0,65.0,141.0,120.0,600.0,1736.0,1.0,35.0,931.0,68.0,74.0,1567.0,29.0,10.0,44.0,96.0,117.0,34.0,620.0,719.0,1915.0,10.0,3.0,29.0,403.0,1944.0
2010-01-31,65.0,71.0,757.0,63.0,134.0,114.0,585.0,1757.0,1.0,42.0,877.0,72.0,110.0,1527.0,28.0,11.0,48.0,95.0,115.0,36.0,645.0,640.0,1730.0,13.0,3.0,31.0,385.0,1910.0
2010-01-24,67.0,53.0,704.0,64.0,136.0,109.0,560.0,1619.0,1.0,48.0,880.0,96.0,171.0,1781.0,30.0,8.0,45.0,100.0,125.0,40.0,703.0,615.0,1670.0,11.0,3.0,33.0,398.0,1861.0
2010-01-17,67.0,57.0,757.0,59.0,129.0,109.0,620.0,1695.0,1.0,51.0,767.0,91.0,236.0,1713.0,28.0,8.0,60.0,108.0,113.0,44.0,760.0,524.0,1632.0,12.0,2.0,27.0,397.0,1860.0
2010-01-10,62.0,61.0,735.0,61.0,123.0,114.0,697.0,1683.0,1.0,82.0,769.0,100.0,273.0,1518.0,29.0,9.0,42.0,108.0,119.0,51.0,848.0,526.0,1628.0,17.0,2.0,30.0,414.0,1916.0
2010-01-03,62.0,75.0,735.0,81.0,126.0,120.0,770.0,2176.0,1.0,130.0,877.0,108.0,350.0,1435.0,31.0,13.0,55.0,118.0,122.0,59.0,880.0,554.0,1643.0,20.0,4.0,45.0,552.0,2169.0
2009-12-27,64.0,68.0,768.0,59.0,131.0,117.0,863.0,2199.0,2.0,148.0,865.0,152.0,333.0,1478.0,25.0,14.0,36.0,126.0,121.0,67.0,825.0,492.0,1923.0,37.0,3.0,59.0,759.0,2199.0
2009-12-20,63.0,72.0,857.0,67.0,144.0,110.0,808.0,1957.0,1.0,203.0,783.0,229.0,472.0,1360.0,26.0,12.0,42.0,131.0,109.0,83.0,897.0,605.0,1722.0,24.0,2.0,124.0,889.0,2055.0
2009-12-13,87.0,80.0,1036.0,79.0,168.0,122.0,807.0,2077.0,2.0,424.0,955.0,243.0,466.0,1398.0,42.0,14.0,63.0,131.0,151.0,124.0,1030.0,621.0,1917.0,45.0,3.0,153.0,919.0,2032.0
2009-12-06,83.0,90.0,1074.0,100.0,176.0,121.0,707.0,2134.0,3.0,641.0,982.0,318.0,577.0,1376.0,52.0,18.0,108.0,141.0,167.0,194.0,1088.0,702.0,1895.0,50.0,5.0,186.0,654.0,2190.0
2009-11-29,88.0,96.0,1229.0,105.0,191.0,132.0,801.0,2489.0,3.0,874.0,1042.0,356.0,753.0,1335.0,56.0,17.0,110.0,147.0,188.0,273.0,1110.0,994.0,1723.0,84.0,7.0,189.0,459.0,2560.0
2009-11-22,97.0,118.0,1418.0,131.0,209.0,146.0,1025.0,3055.0,3.0,801.0,1305.0,312.0,1007.0,1370.0,99.0,21.0,152.0,153.0,192.0,410.0,1151.0,1383.0,1960.0,181.0,15.0,231.0,513.0,2655.0
2009-11-15,117.0,158.0,1524.0,200.0,238.0,144.0,1260.0,4316.0,4.0,385.0,1568.0,314.0,919.0,1334.0,151.0,26.0,324.0,156.0,199.0,486.0,1036.0,1649.0,2027.0,348.0,41.0,262.0,716.0,3587.0
2009-11-08,123.0,144.0,1443.0,327.0,256.0,154.0,2368.0,6504.0,5.0,163.0,1687.0,233.0,1076.0,1307.0,199.0,22.0,618.0,162.0,204.0,251.0,1034.0,1742.0,2134.0,304.0,51.0,204.0,1062.0,4468.0
2009-11-01,125.0,167.0,1108.0,517.0,246.0,158.0,2569.0,9630.0,5.0,131.0,1396.0,167.0,1121.0,1242.0,168.0,26.0,751.0,177.0,213.0,203.0,988.0,1380.0,2228.0,313.0,34.0,140.0,1240.0,5722.0
2009-10-25,141.0,193.0,922.0,866.0,223.0,167.0,1494.0,9688.0,5.0,161.0,1099.0,97.0,1137.0,1123.0,123.0,30.0,535.0,189.0,216.0,79.0,878.0,946.0,2575.0,268.0,13.0,63.0,868.0,6533.0
2009-10-18,141.0,203.0,828.0,591.0,241.0,175.0,966.0,6799.0,4.0,111.0,1028.0,97.0,950.0,1106.0,71.0,38.0,236.0,216.0,208.0,58.0,808.0,666.0,2306.0,161.0,10.0,57.0,671.0,7112.0
2009-10-11,144.0,242.0,812.0,318.0,271.0,167.0,875.0,5111.0,6.0,81.0,993.0,102.0,795.0,1131.0,55.0,39.0,98.0,249.0,213.0,50.0,776.0,570.0,2168.0,126.0,6.0,50.0,564.0,6037.0
2009-10-04,142.0,213.0,877.0,200.0,271.0,177.0,739.0,4154.0,6.0,102.0,915.0,116.0,539.0,1175.0,52.0,35.0,87.0,264.0,202.0,54.0,737.0,526.0,2284.0,137.0,4.0,46.0,565.0,5424.0
2009-09-27,149.0,193.0,760.0,158.0,291.0,186.0,611.0,3718.0,6.0,130.0,805.0,130.0,407.0,1178.0,54.0,39.0,77.0,248.0,212.0,68.0,723.0,583.0,2624.0,111.0,5.0,43.0,590.0,4926.0
2009-09-20,145.0,218.0,687.0,137.0,257.0,199.0,397.0,3360.0,7.0,113.0,697.0,152.0,436.0,1188.0,59.0,43.0,94.0,260.0,230.0,75.0,685.0,609.0,2538.0,93.0,7.0,53.0,562.0,4254.0
2009-09-13,145.0,299.0,598.0,135.0,257.0,217.0,354.0,2621.0,5.0,150.0,661.0,147.0,404.0,1135.0,68.0,43.0,131.0,246.0,216.0,48.0,621.0,478.0,2805.0,51.0,10.0,67.0,484.0,3790.0
2009-09-06,144.0,385.0,576.0,106.0,289.0,234.0,339.0,2071.0,6.0,112.0,564.0,112.0,364.0,1003.0,62.0,48.0,214.0,283.0,240.0,25.0,590.0,419.0,3249.0,49.0,20.0,54.0,438.0,3361.0
2009-08-30,150.0,365.0,466.0,62.0,281.0,273.0,310.0,1584.0,7.0,53.0,449.0,51.0,329.0,810.0,54.0,56.0,264.0,305.0,233.0,21.0,581.0,310.0,3958.0,87.0,26.0,52.0,356.0,2498.0
2009-08-23,166.0,472.0,489.0,62.0,303.0,284.0,300.0,1309.0,7.0,43.0,390.0,56.0,250.0,677.0,49.0,62.0,267.0,344.0,215.0,20.0,591.0,264.0,4987.0,99.0,8.0,60.0,332.0,1915.0
2009-08-16,159.0,615.0,470.0,50.0,284.0,328.0,324.0,1121.0,8.0,20.0,368.0,67.0,170.0,653.0,49.0,64.0,211.0,332.0,203.0,18.0,589.0,224.0,5529.0,61.0,4.0,80.0,323.0,1481.0
2009-08-09,149.0,657.0,467.0,68.0,302.0,360.0,342.0,1015.0,8.0,15.0,381.0,49.0,102.0,643.0,50.0,76.0,117.0,353.0,205.0,18.0,569.0,234.0,6514.0,57.0,3.0,114.0,299.0,1302.0
2009-08-02,153.0,869.0,491.0,89.0,317.0,373.0,327.0,973.0,8.0,16.0,389.0,56.0,69.0,663.0,58.0,100.0,135.0,413.0,191.0,17.0,551.0,216.0,5780.0,39.0,2.0,86.0,271.0,1276.0
2009-07-26,170.0,1115.0,503.0,80.0,325.0,331.0,307.0,1151.0,8.0,23.0,447.0,60.0,42.0,669.0,47.0,120.0,124.0,420.0,181.0,16.0,550.0,205.0,4079.0,39.0,5.0,83.0,254.0,1324.0
2009-07-19,158.0,1316.0,482.0,69.0,284.0,305.0,269.0,1137.0,16.0,20.0,414.0,55.0,31.0,689.0,40.0,155.0,67.0,498.0,213.0,16.0,535.0,168.0,3256.0,52.0,6.0,60.0,225.0,1257.0
2009-07-12,238.0,1589.0,499.0,101.0,247.0,277.0,248.0,1175.0,45.0,11.0,370.0,37.0,32.0,705.0,31.0,190.0,32.0,606.0,256.0,17.0,547.0,204.0,3231.0,31.0,3.0,28.0,214.0,1278.0
2009-07-05,324.0,1590.0,482.0,38.0,266.0,250.0,267.0,1199.0,124.0,7.0,358.0,38.0,27.0,685.0,21.0,266.0,21.0,825.0,267.0,18.0,560.0,162.0,3446.0,14.0,1.0,23.0,197.0,1337.0
2009-06-28,442.0,1562.0,480.0,14.0,289.0,256.0,285.0,1197.0,213.0,7.0,352.0,34.0,28.0,702.0,21.0,262.0,25.0,596.0,251.0,18.0,546.0,184.0,3559.0,15.0,1.0,16.0,187.0,1490.0
2009-06-21,431.0,1271.0,503.0,19.0,327.0,261.0,356.0,1563.0,216.0,7.0,409.0,34.0,27.0,740.0,24.0,159.0,27.0,487.0,242.0,19.0,577.0,196.0,4000.0,8.0,2.0,13.0,201.0,1686.0
2009-06-14,399.0,1176.0,511.0,31.0,398.0,258.0,356.0,1937.0,113.0,8.0,443.0,40.0,40.0,787.0,28.0,139.0,27.0,508.0,236.0,20.0,628.0,217.0,3929.0,10.0,2.0,14.0,216.0,1895.0
2009-06-07,308.0,1056.0,514.0,24.0,353.0,231.0,329.0,2116.0,67.0,7.0,426.0,40.0,45.0,840.0,19.0,91.0,24.0,444.0,218.0,22.0,664.0,204.0,4406.0,13.0,2.0,16.0,220.0,1907.0
2009-05-31,232.0,986.0,510.0,31.0,342.0,244.0,363.0,1607.0,39.0,6.0,431.0,43.0,53.0,794.0,14.0,53.0,23.0,359.0,218.0,25.0,665.0,263.0,4172.0,13.0,2.0,14.0,243.0,1743.0
2009-05-24,190.0,849.0,517.0,35.0,376.0,268.0,414.0,1661.0,25.0,6.0,460.0,41.0,123.0,758.0,15.0,42.0,35.0,335.0,247.0,30.0,651.0,270.0,3644.0,17.0,2.0,15.0,244.0,1760.0
2009-05-17,166.0,504.0,516.0,56.0,398.0,275.0,394.0,1853.0,19.0,8.0,476.0,40.0,212.0,801.0,18.0,38.0,45.0,331.0,247.0,39.0,650.0,283.0,3473.0,17.0,2.0,20.0,259.0,1892.0
2009-05-10,164.0,438.0,597.0,63.0,372.0,279.0,420.0,2247.0,12.0,12.0,533.0,43.0,128.0,876.0,22.0,30.0,45.0,320.0,246.0,50.0,703.0,353.0,3326.0,18.0,3.0,18.0,289.0,1818.0
2009-05-03,166.0,402.0,624.0,56.0,387.0,270.0,546.0,2326.0,11.0,14.0,530.0,63.0,122.0,870.0,29.0,31.0,45.0,315.0,231.0,88.0,708.0,442.0,2809.0,33.0,4.0,38.0,355.0,1885.0
2009-04-26,154.0,429.0,665.0,68.0,438.0,258.0,649.0,2342.0,11.0,12.0,516.0,57.0,105.0,1207.0,33.0,35.0,43.0,281.0,250.0,157.0,749.0,533.0,3069.0,40.0,8.0,52.0,449.0,2129.0
2009-04-19,138.0,239.0,566.0,37.0,352.0,237.0,482.0,1684.0,8.0,8.0,539.0,38.0,48.0,998.0,17.0,19.0,29.0,221.0,233.0,29.0,746.0,390.0,2524.0,14.0,2.0,16.0,378.0,1381.0
2009-04-12,129.0,188.0,584.0,39.0,402.0,224.0,500.0,1542.0,5.0,10.0,557.0,55.0,55.0,913.0,19.0,15.0,33.0,217.0,213.0,33.0,733.0,448.0,2453.0,15.0,2.0,16.0,373.0,1378.0
2009-04-05,117.0,188.0,616.0,54.0,413.0,202.0,547.0,1604.0,5.0,12.0,611.0,79.0,64.0,956.0,22.0,14.0,37.0,213.0,197.0,39.0,830.0,428.0,2591.0,16.0,2.0,25.0,390.0,1462.0
2009-03-29,113.0,227.0,722.0,54.0,383.0,215.0,686.0,1844.0,4.0,16.0,739.0,114.0,83.0,1102.0,23.0,13.0,47.0,199.0,188.0,46.0,994.0,453.0,2498.0,12.0,3.0,36.0,431.0,1699.0
2009-03-22,118.0,204.0,809.0,63.0,307.0,213.0,761.0,2120.0,4.0,20.0,838.0,171.0,149.0,1185.0,26.0,18.0,43.0,182.0,178.0,58.0,987.0,565.0,2420.0,19.0,3.0,48.0,523.0,2021.0
2009-03-15,119.0,211.0,842.0,76.0,310.0,202.0,806.0,2294.0,3.0,18.0,882.0,200.0,251.0,1257.0,32.0,16.0,53.0,158.0,178.0,66.0,990.0,718.0,2515.0,20.0,3.0,61.0,618.0,2348.0
2009-03-08,98.0,218.0,960.0,84.0,301.0,192.0,916.0,2609.0,2.0,23.0,1000.0,214.0,284.0,1443.0,35.0,12.0,54.0,142.0,169.0,76.0,1047.0,907.0,2584.0,23.0,3.0,71.0,717.0,2711.0
2009-03-01,89.0,188.0,1141.0,113.0,256.0,193.0,932.0,3057.0,1.0,26.0,1142.0,349.0,284.0,1542.0,45.0,14.0,53.0,139.0,162.0,94.0,1026.0,975.0,2066.0,29.0,6.0,76.0,753.0,3220.0
2009-02-22,91.0,145.0,1095.0,140.0,215.0,176.0,884.0,3299.0,1.0,42.0,1222.0,393.0,311.0,1503.0,49.0,12.0,83.0,132.0,141.0,97.0,950.0,1006.0,2154.0,29.0,5.0,113.0,760.0,3447.0
2009-02-15,84.0,124.0,1176.0,243.0,199.0,164.0,793.0,3308.0,1.0,56.0,1370.0,412.0,379.0,1578.0,56.0,12.0,110.0,126.0,148.0,143.0,883.0,880.0,2490.0,30.0,9.0,132.0,681.0,3499.0
2009-02-08,86.0,98.0,1434.0,438.0,204.0,149.0,912.0,3082.0,1.0,91.0,1603.0,472.0,695.0,1620.0,69.0,6.0,108.0,126.0,152.0,228.0,887.0,754.0,2182.0,28.0,11.0,200.0,607.0,3484.0
2009-02-01,88.0,91.0,1941.0,797.0,218.0,142.0,1046.0,2951.0,1.0,194.0,1864.0,473.0,1047.0,1712.0,103.0,6.0,146.0,127.0,160.0,347.0,920.0,648.0,1989.0,37.0,19.0,385.0,590.0,3116.0
2009-01-25,89.0,90.0,2507.0,1008.0,222.0,143.0,1183.0,2818.0,2.0,407.0,1930.0,341.0,1376.0,1925.0,139.0,6.0,160.0,130.0,168.0,432.0,972.0,536.0,1475.0,72.0,27.0,527.0,482.0,2555.0
2009-01-18,90.0,102.0,2602.0,1089.0,226.0,137.0,949.0,2475.0,2.0,755.0,1995.0,218.0,1128.0,2092.0,184.0,6.0,202.0,135.0,170.0,357.0,925.0,450.0,1609.0,132.0,23.0,578.0,434.0,2191.0
2009-01-11,88.0,126.0,2138.0,665.0,192.0,140.0,1001.0,2439.0,2.0,770.0,1856.0,108.0,739.0,1975.0,153.0,8.0,230.0,144.0,166.0,179.0,894.0,407.0,1766.0,223.0,17.0,476.0,393.0,1971.0
2009-01-04,98.0,157.0,1681.0,308.0,168.0,148.0,1000.0,2596.0,2.0,569.0,1862.0,95.0,477.0,1441.0,106.0,13.0,236.0,152.0,178.0,120.0,804.0,499.0,1783.0,267.0,17.0,293.0,410.0,2133.0
2008-12-28,89.0,174.0,1384.0,173.0,179.0,145.0,660.0,2547.0,2.0,598.0,1685.0,87.0,414.0,1424.0,81.0,15.0,236.0,163.0,167.0,100.0,809.0,449.0,1785.0,420.0,14.0,213.0,407.0,2100.0
2008-12-21,84.0,141.0,1085.0,109.0,187.0,140.0,650.0,2246.0,2.0,377.0,1315.0,76.0,397.0,1450.0,66.0,10.0,129.0,173.0,152.0,71.0,743.0,437.0,2126.0,194.0,7.0,71.0,441.0,1942.0
2008-12-14,102.0,139.0,1086.0,131.0,224.0,153.0,741.0,2133.0,2.0,218.0,1401.0,69.0,308.0,1535.0,54.0,10.0,101.0,181.0,184.0,67.0,713.0,483.0,2096.0,73.0,6.0,54.0,427.0,1870.0
2008-12-07,102.0,144.0,927.0,149.0,249.0,175.0,750.0,2101.0,3.0,115.0,1165.0,72.0,183.0,1471.0,45.0,13.0,63.0,193.0,197.0,71.0,739.0,506.0,1928.0,45.0,5.0,42.0,417.0,1938.0
2008-11-30,102.0,184.0,882.0,124.0,247.0,193.0,737.0,2047.0,3.0,70.0,1031.0,65.0,119.0,1376.0,37.0,9.0,53.0,196.0,206.0,61.0,728.0,495.0,2080.0,28.0,3.0,48.0,429.0,2045.0
2008-11-23,112.0,202.0,919.0,123.0,252.0,209.0,794.0,1947.0,3.0,54.0,1012.0,62.0,71.0,1297.0,32.0,12.0,42.0,200.0,238.0,43.0,784.0,391.0,2146.0,25.0,3.0,40.0,476.0,1969.0
2008-11-16,133.0,232.0,849.0,108.0,293.0,220.0,816.0,1999.0,3.0,40.0,1018.0,58.0,61.0,1285.0,32.0,15.0,29.0,207.0,229.0,37.0,767.0,452.0,1920.0,31.0,4.0,37.0,496.0,2194.0
2008-11-09,138.0,284.0,858.0,80.0,324.0,213.0,814.0,1977.0,4.0,39.0,955.0,74.0,36.0,1254.0,33.0,19.0,30.0,198.0,243.0,36.0,752.0,444.0,1976.0,26.0,3.0,42.0,507.0,1953.0
2008-11-02,154.0,275.0,803.0,91.0,392.0,222.0,928.0,1767.0,4.0,33.0,930.0,51.0,23.0,1241.0,30.0,17.0,34.0,201.0,244.0,39.0,770.0,462.0,1825.0,19.0,3.0,25.0,452.0,1747.0
2008-10-26,154.0,317.0,861.0,71.0,359.0,226.0,750.0,1642.0,4.0,37.0,891.0,61.0,17.0,1142.0,28.0,19.0,35.0,223.0,247.0,43.0,816.0,411.0,2097.0,24.0,2.0,28.0,450.0,1659.0
2008-10-19,162.0,326.0,851.0,77.0,311.0,236.0,807.0,1576.0,4.0,48.0,942.0,71.0,12.0,1101.0,28.0,21.0,28.0,238.0,240.0,45.0,824.0,440.0,2005.0,19.0,2.0,23.0,457.0,1543.0
2008-10-12,157.0,371.0,886.0,83.0,300.0,233.0,769.0,1473.0,4.0,53.0,955.0,65.0,9.0,1035.0,26.0,27.0,27.0,246.0,243.0,46.0,867.0,461.0,2548.0,27.0,2.0,24.0,490.0,1404.0
2008-10-05,182.0,389.0,944.0,82.0,347.0,211.0,735.0,1470.0,4.0,38.0,1021.0,58.0,7.0,1018.0,30.0,22.0,26.0,283.0,252.0,53.0,828.0,502.0,2680.0,30.0,2.0,27.0,469.0,1334.0
2008-09-28,179.0,515.0,967.0,88.0,331.0,241.0,525.0,1422.0,5.0,39.0,922.0,67.0,5.0,1022.0,25.0,35.0,29.0,274.0,292.0,65.0,845.0,530.0,2375.0,27.0,2.0,31.0,516.0,1275.0
2008-09-21,190.0,683.0,824.0,75.0,324.0,253.0,458.0,1463.0,5.0,40.0,915.0,70.0,3.0,953.0,25.0,52.0,33.0,313.0,275.0,68.0,741.0,505.0,2778.0,16.0,2.0,30.0,536.0,1221.0
2008-09-14,189.0,976.0,641.0,47.0,300.0,255.0,390.0,1205.0,6.0,20.0,816.0,57.0,2.0,914.0,28.0,57.0,35.0,317.0,269.0,21.0,612.0,466.0,2728.0,14.0,2.0,26.0,436.0,1114.0
2008-09-07,191.0,1340.0,570.0,30.0,298.0,243.0,340.0,914.0,6.0,9.0,620.0,39.0,2.0,865.0,27.0,75.0,32.0,281.0,293.0,9.0,566.0,342.0,2938.0,8.0,2.0,15.0,324.0,1009.0
2008-08-31,193.0,2017.0,517.0,19.0,296.0,199.0,302.0,740.0,6.0,5.0,519.0,35.0,2.0,799.0,21.0,93.0,27.0,259.0,259.0,8.0,579.0,224.0,2849.0,6.0,2.0,13.0,287.0,903.0
2008-08-24,206.0,2282.0,450.0,17.0,316.0,255.0,304.0,711.0,6.0,4.0,424.0,36.0,1.0,707.0,20.0,102.0,24.0,282.0,260.0,8.0,580.0,225.0,3073.0,8.0,1.0,10.0,234.0,771.0
2008-08-17,210.0,1612.0,495.0,15.0,306.0,256.0,293.0,565.0,6.0,5.0,365.0,32.0,2.0,633.0,15.0,121.0,16.0,290.0,248.0,8.0,591.0,157.0,3494.0,8.0,1.0,8.0,215.0,710.0
2008-08-10,220.0,1396.0,390.0,14.0,322.0,240.0,246.0,577.0,5.0,5.0,348.0,32.0,2.0,633.0,15.0,120.0,13.0,305.0,222.0,9.0,574.0,118.0,3687.0,7.0,1.0,8.0,214.0,684.0
2008-08-03,201.0,827.0,416.0,13.0,309.0,229.0,234.0,474.0,5.0,4.0,356.0,32.0,2.0,653.0,15.0,111.0,13.0,351.0,222.0,9.0,572.0,120.0,3594.0,8.0,1.0,11.0,196.0,648.0
2008-07-27,216.0,657.0,422.0,14.0,291.0,252.0,231.0,429.0,4.0,4.0,352.0,36.0,2.0,698.0,11.0,80.0,12.0,387.0,179.0,10.0,573.0,112.0,3874.0,7.0,1.0,10.0,181.0,634.0
2008-07-20,261.0,534.0,464.0,13.0,271.0,273.0,249.0,494.0,6.0,4.0,421.0,33.0,2.0,688.0,16.0,85.0,12.0,452.0,205.0,11.0,554.0,101.0,3971.0,8.0,1.0,7.0,174.0,627.0
2008-07-13,319.0,523.0,522.0,12.0,290.0,269.0,297.0,491.0,8.0,6.0,436.0,37.0,2.0,712.0,14.0,78.0,11.0,490.0,231.0,11.0,529.0,125.0,3806.0,7.0,1.0,8.0,168.0,638.0
2008-07-06,371.0,503.0,506.0,14.0,321.0,278.0,330.0,520.0,8.0,6.0,433.0,37.0,2.0,681.0,13.0,70.0,11.0,515.0,247.0,12.0,538.0,123.0,4149.0,8.0,1.0,10.0,177.0,665.0
2008-06-29,372.0,406.0,520.0,18.0,370.0,300.0,362.0,615.0,7.0,4.0,433.0,42.0,2.0,681.0,16.0,71.0,12.0,572.0,248.0,14.0,538.0,157.0,3758.0,7.0,1.0,14.0,189.0,646.0
2008-06-22,411.0,454.0,538.0,19.0,360.0,317.0,365.0,665.0,8.0,5.0,439.0,39.0,2.0,703.0,17.0,54.0,14.0,573.0,257.0,15.0,566.0,171.0,3691.0,8.0,1.0,16.0,190.0,662.0
2008-06-15,381.0,475.0,592.0,23.0,375.0,317.0,380.0,757.0,10.0,9.0,444.0,33.0,3.0,717.0,17.0,66.0,16.0,491.0,258.0,17.0,578.0,193.0,3771.0,8.0,1.0,19.0,201.0,713.0
2008-06-08,343.0,467.0,569.0,26.0,370.0,305.0,402.0,642.0,8.0,8.0,410.0,37.0,3.0,757.0,15.0,42.0,25.0,444.0,284.0,19.0,595.0,241.0,3497.0,8.0,1.0,12.0,209.0,727.0
2008-06-01,266.0,448.0,525.0,27.0,365.0,315.0,408.0,688.0,10.0,8.0,392.0,43.0,4.0,790.0,16.0,32.0,36.0,457.0,251.0,21.0,593.0,262.0,3121.0,11.0,1.0,10.0,217.0,770.0
2008-05-25,217.0,497.0,517.0,24.0,349.0,361.0,376.0,805.0,11.0,7.0,425.0,40.0,4.0,849.0,15.0,29.0,31.0,398.0,242.0,21.0,583.0,289.0,2706.0,11.0,1.0,10.0,210.0,828.0
2008-05-18,210.0,487.0,539.0,32.0,430.0,337.0,401.0,1002.0,25.0,6.0,465.0,43.0,5.0,849.0,15.0,27.0,21.0,336.0,273.0,23.0,602.0,283.0,2465.0,16.0,1.0,9.0,219.0,873.0
2008-05-11,197.0,488.0,564.0,31.0,396.0,334.0,409.0,1089.0,41.0,6.0,464.0,48.0,6.0,851.0,14.0,20.0,27.0,300.0,226.0,26.0,612.0,312.0,2697.0,15.0,2.0,10.0,237.0,922.0
2008-05-04,186.0,472.0,645.0,51.0,376.0,318.0,421.0,1179.0,49.0,7.0,585.0,46.0,7.0,880.0,18.0,23.0,33.0,285.0,265.0,30.0,650.0,288.0,2485.0,14.0,2.0,13.0,250.0,947.0
2008-04-27,173.0,448.0,650.0,52.0,409.0,287.0,471.0,1419.0,45.0,9.0,664.0,49.0,11.0,905.0,22.0,24.0,34.0,268.0,254.0,33.0,676.0,381.0,2450.0,13.0,2.0,16.0,279.0,1046.0
2008-04-20,188.0,323.0,711.0,69.0,429.0,291.0,551.0,1679.0,27.0,16.0,751.0,50.0,12.0,1006.0,28.0,17.0,38.0,262.0,284.0,40.0,690.0,336.0,2499.0,17.0,2.0,19.0,281.0,1180.0
2008-04-13,174.0,325.0,773.0,66.0,406.0,296.0,677.0,1874.0,13.0,23.0,708.0,60.0,15.0,1001.0,31.0,17.0,48.0,252.0,264.0,49.0,771.0,374.0,2506.0,17.0,2.0,23.0,300.0,1331.0
2008-04-06,161.0,288.0,842.0,75.0,387.0,284.0,848.0,2202.0,6.0,26.0,734.0,83.0,14.0,1054.0,34.0,16.0,43.0,257.0,246.0,63.0,861.0,443.0,2438.0,19.0,4.0,33.0,315.0,1508.0
2008-03-30,150.0,252.0,867.0,81.0,490.0,288.0,897.0,2365.0,6.0,33.0,762.0,103.0,19.0,1091.0,36.0,17.0,42.0,283.0,228.0,78.0,903.0,470.0,2428.0,20.0,5.0,41.0,367.0,1776.0
2008-03-23,145.0,258.0,817.0,96.0,412.0,272.0,832.0,2469.0,5.0,38.0,860.0,113.0,34.0,1165.0,39.0,17.0,39.0,285.0,212.0,71.0,982.0,456.0,2369.0,27.0,5.0,59.0,403.0,2172.0
2008-03-16,151.0,214.0,810.0,118.0,383.0,247.0,920.0,2520.0,4.0,35.0,885.0,94.0,64.0,1203.0,35.0,14.0,43.0,279.0,209.0,85.0,876.0,626.0,1973.0,26.0,4.0,54.0,478.0,2592.0
2008-03-09,126.0,293.0,849.0,154.0,341.0,237.0,937.0,2808.0,2.0,36.0,1053.0,104.0,99.0,1380.0,42.0,16.0,47.0,283.0,192.0,99.0,837.0,694.0,2029.0,26.0,6.0,76.0,550.0,3229.0
2008-03-02,92.0,269.0,897.0,215.0,340.0,234.0,907.0,3052.0,2.0,66.0,1142.0,120.0,141.0,1524.0,52.0,14.0,56.0,238.0,198.0,128.0,849.0,755.0,2161.0,30.0,6.0,91.0,616.0,4059.0
2008-02-24,98.0,206.0,1015.0,275.0,299.0,221.0,1151.0,3080.0,2.0,103.0,1366.0,111.0,182.0,1615.0,69.0,12.0,59.0,208.0,203.0,126.0,900.0,950.0,2203.0,48.0,6.0,100.0,785.0,5050.0
2008-02-17,97.0,185.0,1117.0,293.0,236.0,193.0,873.0,3010.0,2.0,211.0,1594.0,196.0,234.0,1699.0,89.0,16.0,96.0,173.0,203.0,136.0,970.0,883.0,2362.0,71.0,8.0,140.0,903.0,5805.0
2008-02-10,91.0,144.0,1234.0,251.0,207.0,192.0,1065.0,2786.0,2.0,298.0,1599.0,219.0,292.0,1691.0,82.0,9.0,93.0,155.0,189.0,97.0,974.0,776.0,2116.0,72.0,9.0,157.0,879.0,5352.0
2008-02-03,89.0,141.0,1512.0,175.0,213.0,177.0,1357.0,2826.0,2.0,406.0,1461.0,332.0,402.0,1924.0,80.0,7.0,86.0,146.0,190.0,109.0,1158.0,552.0,2044.0,75.0,8.0,193.0,784.0,4928.0
2008-01-27,89.0,126.0,1660.0,179.0,225.0,168.0,1410.0,2668.0,1.0,424.0,1179.0,493.0,498.0,2218.0,69.0,10.0,79.0,155.0,176.0,98.0,1305.0,669.0,1874.0,73.0,7.0,291.0,621.0,3880.0
2008-01-20,93.0,107.0,1750.0,187.0,248.0,173.0,1709.0,2494.0,2.0,402.0,1121.0,581.0,426.0,2579.0,62.0,7.0,61.0,165.0,170.0,109.0,1183.0,486.0,1777.0,98.0,4.0,379.0,512.0,2921.0
2008-01-13,89.0,108.0,1638.0,177.0,239.0,172.0,1618.0,2474.0,2.0,457.0,1131.0,595.0,351.0,2907.0,60.0,8.0,47.0,166.0,179.0,82.0,1060.0,369.0,1799.0,144.0,3.0,389.0,446.0,2230.0
2008-01-06,93.0,167.0,1395.0,210.0,232.0,182.0,1293.0,2728.0,2.0,339.0,1267.0,344.0,283.0,1948.0,61.0,10.0,44.0,171.0,201.0,67.0,956.0,479.0,1630.0,242.0,3.0,310.0,440.0,2199.0
2007-12-30,78.0,141.0,1241.0,156.0,229.0,186.0,1295.0,3058.0,3.0,330.0,1297.0,293.0,246.0,1649.0,51.0,9.0,43.0,183.0,186.0,48.0,881.0,505.0,1915.0,336.0,4.0,240.0,398.0,2278.0
2007-12-23,91.0,131.0,1025.0,124.0,242.0,178.0,887.0,2883.0,2.0,253.0,1132.0,221.0,401.0,1854.0,44.0,4.0,32.0,198.0,184.0,47.0,797.0,436.0,1944.0,300.0,2.0,107.0,495.0,1954.0
2007-12-16,96.0,152.0,1052.0,98.0,261.0,173.0,812.0,2390.0,3.0,181.0,1163.0,120.0,338.0,1718.0,37.0,9.0,32.0,215.0,215.0,50.0,772.0,511.0,1725.0,115.0,3.0,63.0,471.0,1709.0
2007-12-09,108.0,123.0,1010.0,127.0,286.0,184.0,769.0,2156.0,2.0,125.0,1113.0,80.0,281.0,1717.0,42.0,6.0,38.0,238.0,249.0,47.0,754.0,510.0,1838.0,77.0,4.0,57.0,491.0,1618.0
2007-12-02,123.0,156.0,897.0,154.0,318.0,196.0,873.0,1949.0,2.0,109.0,1064.0,67.0,225.0,1527.0,38.0,7.0,43.0,263.0,251.0,48.0,759.0,404.0,2014.0,62.0,3.0,39.0,497.0,1632.0
2007-11-25,144.0,172.0,882.0,151.0,318.0,222.0,910.0,1911.0,2.0,92.0,1156.0,67.0,131.0,1514.0,34.0,7.0,39.0,271.0,275.0,49.0,700.0,379.0,1755.0,49.0,2.0,33.0,465.0,1700.0
2007-11-18,149.0,202.0,825.0,122.0,319.0,241.0,743.0,1972.0,3.0,76.0,1166.0,57.0,98.0,1516.0,35.0,9.0,39.0,260.0,311.0,45.0,761.0,417.0,1839.0,47.0,2.0,33.0,512.0,1465.0
2007-11-11,152.0,202.0,807.0,97.0,337.0,219.0,711.0,1896.0,3.0,77.0,1111.0,45.0,65.0,1429.0,29.0,11.0,28.0,256.0,291.0,52.0,755.0,364.0,1968.0,37.0,3.0,24.0,500.0,1644.0
2007-11-04,165.0,224.0,749.0,90.0,329.0,238.0,662.0,1717.0,4.0,77.0,1110.0,40.0,34.0,1423.0,31.0,11.0,27.0,249.0,312.0,60.0,786.0,350.0,2083.0,36.0,2.0,32.0,480.0,1594.0
2007-10-28,174.0,285.0,712.0,62.0,345.0,236.0,666.0,1628.0,5.0,57.0,978.0,52.0,22.0,1329.0,28.0,15.0,27.0,219.0,283.0,59.0,821.0,381.0,2343.0,29.0,2.0,20.0,397.0,1512.0
2007-10-21,171.0,276.0,806.0,95.0,414.0,244.0,688.0,1504.0,4.0,68.0,1061.0,50.0,13.0,1236.0,28.0,14.0,36.0,238.0,323.0,53.0,786.0,360.0,2655.0,32.0,2.0,30.0,462.0,1377.0
2007-10-14,162.0,371.0,820.0,70.0,467.0,252.0,585.0,1513.0,4.0,55.0,1016.0,52.0,9.0,1198.0,24.0,22.0,34.0,233.0,318.0,46.0,862.0,410.0,2251.0,43.0,2.0,21.0,516.0,1326.0
2007-10-07,171.0,379.0,796.0,80.0,439.0,239.0,504.0,1340.0,5.0,56.0,1039.0,69.0,6.0,1255.0,30.0,23.0,22.0,243.0,299.0,49.0,765.0,405.0,2553.0,36.0,3.0,21.0,428.0,1210.0
2007-09-30,180.0,392.0,840.0,80.0,401.0,250.0,475.0,1465.0,4.0,50.0,861.0,63.0,4.0,1183.0,30.0,19.0,24.0,264.0,308.0,55.0,827.0,406.0,2291.0,30.0,2.0,26.0,416.0,1180.0
2007-09-23,191.0,499.0,756.0,70.0,420.0,256.0,408.0,1379.0,5.0,45.0,872.0,61.0,3.0,1160.0,28.0,32.0,23.0,289.0,313.0,56.0,777.0,427.0,2801.0,30.0,2.0,30.0,460.0,1082.0
2007-09-16,175.0,574.0,739.0,55.0,388.0,288.0,396.0,1274.0,8.0,21.0,865.0,54.0,2.0,1165.0,27.0,45.0,22.0,305.0,336.0,26.0,658.0,452.0,2896.0,20.0,2.0,23.0,460.0,1041.0
2007-09-09,188.0,685.0,564.0,30.0,355.0,283.0,347.0,933.0,6.0,11.0,717.0,33.0,2.0,1070.0,27.0,53.0,18.0,327.0,342.0,12.0,609.0,255.0,3002.0,17.0,2.0,18.0,367.0,957.0
2007-09-02,239.0,847.0,529.0,18.0,384.0,262.0,350.0,832.0,6.0,8.0,602.0,28.0,2.0,957.0,21.0,62.0,17.0,339.0,312.0,9.0,554.0,178.0,3293.0,13.0,1.0,16.0,300.0,903.0
2007-08-26,269.0,1345.0,463.0,16.0,585.0,285.0,370.0,740.0,7.0,6.0,490.0,31.0,2.0,809.0,15.0,73.0,14.0,347.0,276.0,8.0,560.0,143.0,3648.0,15.0,1.0,12.0,272.0,809.0
2007-08-19,256.0,1993.0,486.0,15.0,588.0,287.0,344.0,668.0,7.0,7.0,429.0,32.0,2.0,731.0,14.0,72.0,10.0,347.0,268.0,8.0,606.0,148.0,3900.0,16.0,1.0,9.0,260.0,763.0
2007-08-12,287.0,2854.0,431.0,10.0,441.0,278.0,366.0,590.0,7.0,7.0,387.0,33.0,2.0,782.0,15.0,87.0,9.0,352.0,256.0,8.0,650.0,152.0,4253.0,14.0,1.0,8.0,237.0,744.0
2007-08-05,293.0,2680.0,462.0,12.0,393.0,254.0,343.0,648.0,7.0,7.0,385.0,34.0,2.0,820.0,12.0,72.0,9.0,378.0,255.0,9.0,604.0,149.0,3889.0,11.0,1.0,8.0,209.0,723.0
2007-07-29,285.0,2027.0,456.0,14.0,345.0,251.0,343.0,588.0,6.0,5.0,446.0,36.0,2.0,822.0,12.0,74.0,8.0,435.0,229.0,9.0,526.0,121.0,3816.0,10.0,1.0,11.0,193.0,705.0
2007-07-22,346.0,1566.0,516.0,18.0,355.0,256.0,346.0,635.0,11.0,7.0,422.0,36.0,2.0,795.0,16.0,75.0,9.0,483.0,261.0,10.0,507.0,123.0,3743.0,13.0,1.0,12.0,195.0,699.0
2007-07-15,379.0,1495.0,486.0,18.0,352.0,265.0,375.0,616.0,18.0,6.0,461.0,35.0,2.0,847.0,16.0,76.0,9.0,533.0,240.0,10.0,530.0,134.0,3665.0,12.0,1.0,15.0,195.0,705.0
2007-07-08,339.0,1300.0,535.0,23.0,319.0,288.0,403.0,778.0,23.0,7.0,542.0,38.0,2.0,830.0,15.0,62.0,9.0,490.0,259.0,11.0,557.0,126.0,3580.0,8.0,1.0,13.0,197.0,701.0
2007-07-01,379.0,1065.0,453.0,15.0,368.0,315.0,452.0,743.0,28.0,6.0,476.0,41.0,2.0,810.0,17.0,57.0,10.0,449.0,280.0,11.0,574.0,149.0,3146.0,12.0,1.0,13.0,196.0,708.0
2007-06-24,372.0,632.0,493.0,14.0,438.0,349.0,509.0,770.0,34.0,7.0,438.0,45.0,3.0,815.0,17.0,41.0,11.0,440.0,272.0,13.0,584.0,139.0,3329.0,12.0,1.0,12.0,194.0,720.0
2007-06-17,344.0,607.0,461.0,15.0,510.0,387.0,569.0,783.0,58.0,7.0,408.0,43.0,3.0,873.0,16.0,47.0,13.0,483.0,284.0,14.0,602.0,125.0,2954.0,12.0,1.0,10.0,190.0,748.0
2007-06-10,373.0,578.0,521.0,24.0,524.0,406.0,599.0,776.0,68.0,7.0,415.0,47.0,4.0,949.0,17.0,29.0,15.0,480.0,303.0,16.0,589.0,132.0,3367.0,19.0,1.0,14.0,190.0,764.0
2007-06-03,380.0,520.0,513.0,29.0,437.0,362.0,631.0,760.0,63.0,9.0,436.0,47.0,5.0,990.0,17.0,32.0,14.0,454.0,319.0,16.0,580.0,175.0,3235.0,20.0,1.0,16.0,194.0,774.0
2007-05-27,339.0,477.0,505.0,25.0,477.0,377.0,584.0,947.0,37.0,9.0,486.0,45.0,7.0,1010.0,17.0,31.0,14.0,374.0,307.0,19.0,600.0,200.0,3481.0,18.0,1.0,14.0,210.0,840.0
2007-05-20,319.0,480.0,563.0,38.0,401.0,365.0,605.0,920.0,23.0,7.0,503.0,43.0,8.0,1059.0,18.0,17.0,15.0,384.0,301.0,21.0,646.0,221.0,2947.0,22.0,1.0,14.0,226.0,850.0
2007-05-13,265.0,382.0,512.0,37.0,421.0,362.0,602.0,1054.0,16.0,6.0,520.0,43.0,14.0,1071.0,16.0,32.0,15.0,395.0,289.0,22.0,672.0,232.0,2821.0,24.0,1.0,13.0,250.0,878.0
2007-05-06,219.0,362.0,544.0,37.0,423.0,332.0,568.0,1188.0,9.0,6.0,524.0,43.0,23.0,1040.0,17.0,13.0,17.0,427.0,299.0,26.0,709.0,259.0,2928.0,26.0,1.0,11.0,287.0,931.0
2007-04-29,182.0,340.0,524.0,32.0,521.0,306.0,662.0,1258.0,9.0,6.0,468.0,43.0,52.0,1081.0,17.0,19.0,16.0,398.0,285.0,32.0,662.0,318.0,2628.0,21.0,1.0,10.0,304.0,980.0
2007-04-22,180.0,274.0,609.0,40.0,513.0,261.0,630.0,1326.0,8.0,5.0,560.0,44.0,93.0,1112.0,19.0,20.0,17.0,337.0,315.0,36.0,692.0,364.0,1944.0,23.0,2.0,9.0,323.0,1080.0
2007-04-15,158.0,314.0,631.0,41.0,517.0,267.0,617.0,1513.0,9.0,11.0,648.0,48.0,117.0,1174.0,21.0,12.0,16.0,322.0,314.0,40.0,729.0,236.0,2221.0,29.0,2.0,11.0,297.0,1243.0
2007-04-08,138.0,232.0,643.0,48.0,411.0,268.0,548.0,1744.0,6.0,16.0,747.0,50.0,195.0,1207.0,31.0,13.0,21.0,301.0,285.0,51.0,751.0,249.0,2508.0,35.0,3.0,15.0,299.0,1372.0
2007-04-01,129.0,191.0,686.0,45.0,418.0,241.0,653.0,1588.0,5.0,19.0,799.0,52.0,320.0,1159.0,31.0,13.0,25.0,313.0,263.0,61.0,789.0,294.0,2220.0,36.0,3.0,22.0,329.0,1375.0
2007-03-25,131.0,281.0,783.0,66.0,444.0,252.0,688.0,1618.0,3.0,18.0,960.0,60.0,684.0,1485.0,40.0,9.0,29.0,322.0,233.0,87.0,745.0,359.0,2124.0,35.0,4.0,30.0,379.0,1604.0
2007-03-18,125.0,235.0,901.0,94.0,425.0,240.0,753.0,1847.0,3.0,23.0,1110.0,66.0,884.0,1555.0,46.0,8.0,38.0,310.0,227.0,116.0,817.0,327.0,2198.0,40.0,5.0,45.0,443.0,1893.0
2007-03-11,118.0,242.0,1053.0,110.0,369.0,231.0,709.0,2311.0,4.0,23.0,1258.0,71.0,750.0,1678.0,60.0,7.0,57.0,323.0,199.0,159.0,897.0,432.0,2338.0,34.0,14.0,61.0,517.0,2086.0
2007-03-04,98.0,222.0,1207.0,196.0,300.0,230.0,809.0,2845.0,2.0,37.0,1592.0,100.0,748.0,1777.0,79.0,8.0,85.0,299.0,195.0,232.0,925.0,612.0,2002.0,41.0,26.0,131.0,708.0,2424.0
2007-02-25,102.0,193.0,1469.0,530.0,245.0,237.0,957.0,3006.0,2.0,77.0,1922.0,167.0,655.0,1939.0,97.0,7.0,149.0,275.0,199.0,216.0,949.0,761.0,1858.0,52.0,19.0,183.0,1111.0,2641.0
2007-02-18,111.0,163.0,1607.0,900.0,208.0,224.0,1150.0,3340.0,2.0,212.0,1982.0,229.0,478.0,2096.0,85.0,6.0,295.0,237.0,215.0,194.0,983.0,606.0,2414.0,97.0,11.0,339.0,1175.0,2941.0
2007-02-11,104.0,138.0,1453.0,976.0,225.0,197.0,1540.0,3456.0,2.0,481.0,1615.0,268.0,332.0,2057.0,55.0,4.0,256.0,192.0,188.0,141.0,1029.0,447.0,2136.0,161.0,9.0,395.0,1107.0,2970.0
2007-02-04,108.0,134.0,1348.0,531.0,232.0,165.0,1953.0,3309.0,2.0,567.0,1381.0,322.0,210.0,2229.0,46.0,4.0,199.0,182.0,209.0,136.0,1174.0,408.0,1797.0,303.0,5.0,322.0,775.0,2806.0
2007-01-28,106.0,105.0,1250.0,294.0,248.0,167.0,2714.0,2965.0,2.0,386.0,1139.0,229.0,114.0,2538.0,37.0,3.0,133.0,178.0,183.0,67.0,1497.0,330.0,1662.0,279.0,5.0,188.0,418.0,2409.0
2007-01-21,100.0,99.0,1070.0,137.0,224.0,159.0,3592.0,2844.0,2.0,191.0,1014.0,190.0,62.0,2911.0,32.0,4.0,73.0,177.0,208.0,54.0,1358.0,332.0,1844.0,188.0,4.0,90.0,365.0,2182.0
2007-01-14,94.0,109.0,869.0,113.0,186.0,168.0,2845.0,2748.0,2.0,155.0,910.0,158.0,38.0,3041.0,28.0,7.0,38.0,181.0,237.0,49.0,1261.0,300.0,1714.0,169.0,3.0,65.0,372.0,1968.0
2007-01-07,82.0,128.0,964.0,113.0,197.0,157.0,1841.0,3099.0,2.0,169.0,1030.0,122.0,26.0,1987.0,32.0,6.0,39.0,181.0,209.0,41.0,1270.0,337.0,2046.0,130.0,3.0,45.0,407.0,2082.0
2006-12-31,80.0,136.0,858.0,96.0,208.0,158.0,1291.0,3722.0,3.0,209.0,1106.0,108.0,26.0,1617.0,29.0,12.0,24.0,192.0,193.0,37.0,1293.0,329.0,2284.0,109.0,5.0,47.0,425.0,2419.0
2006-12-24,87.0,165.0,793.0,109.0,235.0,156.0,1318.0,3302.0,3.0,198.0,1022.0,76.0,26.0,1740.0,27.0,15.0,21.0,197.0,177.0,36.0,1256.0,330.0,1786.0,64.0,2.0,32.0,427.0,2547.0
2006-12-17,93.0,121.0,791.0,85.0,267.0,151.0,1251.0,3008.0,2.0,120.0,1036.0,64.0,30.0,1654.0,27.0,7.0,22.0,202.0,192.0,42.0,1085.0,338.0,1626.0,32.0,2.0,27.0,418.0,2305.0
2006-12-10,109.0,113.0,803.0,83.0,312.0,167.0,1090.0,2717.0,2.0,85.0,1046.0,63.0,37.0,1725.0,30.0,6.0,25.0,214.0,227.0,45.0,962.0,342.0,1928.0,50.0,3.0,26.0,421.0,2079.0
2006-12-03,109.0,128.0,693.0,83.0,332.0,184.0,1019.0,2520.0,3.0,72.0,1006.0,62.0,41.0,1615.0,28.0,9.0,22.0,234.0,258.0,46.0,920.0,320.0,2141.0,34.0,2.0,27.0,443.0,1886.0
2006-11-26,141.0,130.0,785.0,84.0,361.0,221.0,944.0,2418.0,4.0,63.0,985.0,65.0,41.0,1464.0,27.0,11.0,24.0,242.0,301.0,46.0,873.0,339.0,2376.0,35.0,2.0,31.0,464.0,1889.0
2006-11-19,165.0,178.0,845.0,96.0,389.0,251.0,857.0,2334.0,3.0,56.0,1037.0,54.0,37.0,1409.0,25.0,15.0,23.0,263.0,298.0,47.0,850.0,319.0,2019.0,39.0,3.0,32.0,465.0,1595.0
2006-11-12,180.0,211.0,749.0,72.0,367.0,257.0,944.0,2228.0,5.0,41.0,1044.0,56.0,29.0,1372.0,26.0,11.0,23.0,259.0,287.0,50.0,827.0,305.0,2256.0,38.0,3.0,21.0,497.0,1758.0
2006-11-05,160.0,184.0,781.0,65.0,417.0,264.0,1010.0,2088.0,4.0,43.0,1044.0,54.0,20.0,1319.0,25.0,13.0,23.0,277.0,282.0,57.0,786.0,340.0,2125.0,36.0,2.0,25.0,525.0,1636.0
2006-10-29,174.0,222.0,646.0,47.0,431.0,247.0,1073.0,2048.0,4.0,39.0,918.0,57.0,13.0,1171.0,24.0,21.0,25.0,285.0,284.0,70.0,726.0,379.0,1857.0,33.0,2.0,23.0,476.0,1577.0
2006-10-22,167.0,219.0,656.0,63.0,419.0,260.0,897.0,2003.0,4.0,40.0,883.0,48.0,9.0,1163.0,23.0,14.0,26.0,305.0,300.0,76.0,851.0,410.0,2298.0,35.0,2.0,19.0,443.0,1445.0
2006-10-15,182.0,253.0,802.0,65.0,391.0,250.0,751.0,1864.0,5.0,48.0,975.0,47.0,6.0,1181.0,25.0,12.0,25.0,330.0,338.0,61.0,869.0,358.0,2596.0,48.0,2.0,19.0,379.0,1297.0
2006-10-08,191.0,281.0,684.0,58.0,405.0,226.0,757.0,1758.0,4.0,35.0,855.0,45.0,4.0,1158.0,24.0,13.0,24.0,363.0,326.0,52.0,735.0,343.0,2650.0,42.0,2.0,19.0,350.0,1230.0
2006-10-01,200.0,274.0,667.0,36.0,410.0,228.0,670.0,1770.0,4.0,31.0,729.0,46.0,4.0,988.0,22.0,21.0,26.0,400.0,359.0,49.0,709.0,341.0,2390.0,32.0,2.0,15.0,343.0,1178.0
2006-09-24,227.0,356.0,647.0,31.0,393.0,245.0,580.0,1627.0,5.0,23.0,677.0,48.0,3.0,970.0,23.0,37.0,24.0,469.0,337.0,44.0,709.0,349.0,2687.0,33.0,2.0,13.0,321.0,1133.0
2006-09-17,232.0,457.0,607.0,41.0,350.0,267.0,524.0,1427.0,6.0,16.0,675.0,44.0,3.0,994.0,28.0,35.0,28.0,566.0,370.0,22.0,660.0,320.0,3072.0,26.0,2.0,15.0,278.0,1101.0
2006-09-10,234.0,507.0,481.0,33.0,342.0,300.0,502.0,1118.0,7.0,12.0,644.0,43.0,2.0,909.0,28.0,44.0,23.0,596.0,364.0,12.0,639.0,243.0,3332.0,16.0,2.0,18.0,251.0,965.0
2006-09-03,234.0,570.0,505.0,21.0,346.0,271.0,447.0,931.0,6.0,9.0,615.0,47.0,1.0,856.0,21.0,52.0,19.0,531.0,372.0,10.0,613.0,190.0,2798.0,13.0,2.0,16.0,222.0,861.0
2006-08-27,271.0,749.0,520.0,16.0,425.0,281.0,466.0,801.0,6.0,8.0,595.0,48.0,1.0,786.0,19.0,54.0,12.0,486.0,338.0,11.0,627.0,171.0,2950.0,21.0,1.0,12.0,212.0,760.0
2006-08-20,250.0,704.0,517.0,16.0,477.0,312.0,471.0,752.0,8.0,8.0,502.0,49.0,2.0,731.0,16.0,58.0,11.0,420.0,337.0,12.0,650.0,145.0,3002.0,20.0,1.0,10.0,205.0,741.0
2006-08-13,228.0,796.0,449.0,14.0,359.0,298.0,480.0,774.0,10.0,9.0,443.0,50.0,2.0,713.0,15.0,60.0,10.0,379.0,287.0,12.0,605.0,163.0,3062.0,16.0,1.0,10.0,203.0,717.0
2006-08-06,238.0,765.0,385.0,9.0,347.0,291.0,530.0,736.0,9.0,7.0,387.0,42.0,2.0,790.0,16.0,59.0,8.0,387.0,268.0,13.0,580.0,140.0,3130.0,16.0,1.0,8.0,207.0,681.0
2006-07-30,215.0,742.0,374.0,9.0,381.0,284.0,564.0,744.0,7.0,6.0,332.0,39.0,3.0,737.0,15.0,73.0,8.0,423.0,260.0,13.0,552.0,136.0,2975.0,17.0,1.0,10.0,206.0,677.0
2006-07-23,252.0,670.0,483.0,11.0,343.0,288.0,641.0,707.0,8.0,5.0,313.0,40.0,3.0,774.0,14.0,68.0,8.0,488.0,251.0,14.0,582.0,143.0,3205.0,14.0,1.0,10.0,201.0,695.0
2006-07-16,272.0,621.0,499.0,7.0,286.0,302.0,666.0,724.0,11.0,6.0,329.0,39.0,3.0,753.0,14.0,55.0,9.0,549.0,278.0,15.0,595.0,146.0,3225.0,19.0,1.0,9.0,204.0,695.0
2006-07-09,261.0,512.0,454.0,15.0,281.0,317.0,667.0,786.0,10.0,5.0,338.0,40.0,5.0,759.0,17.0,83.0,10.0,454.0,328.0,16.0,631.0,178.0,3623.0,10.0,1.0,8.0,207.0,717.0
2006-07-02,232.0,567.0,496.0,14.0,303.0,344.0,711.0,785.0,8.0,5.0,344.0,42.0,5.0,660.0,13.0,102.0,10.0,340.0,296.0,17.0,641.0,206.0,4091.0,13.0,1.0,8.0,216.0,735.0
2006-06-25,243.0,523.0,513.0,14.0,335.0,378.0,710.0,752.0,8.0,5.0,367.0,42.0,6.0,770.0,17.0,80.0,11.0,335.0,313.0,19.0,622.0,241.0,3344.0,17.0,1.0,8.0,221.0,706.0
2006-06-18,223.0,476.0,488.0,26.0,419.0,409.0,646.0,858.0,7.0,6.0,418.0,42.0,9.0,780.0,16.0,47.0,12.0,330.0,316.0,19.0,678.0,250.0,3571.0,18.0,1.0,8.0,228.0,729.0
2006-06-11,219.0,410.0,529.0,30.0,501.0,370.0,688.0,951.0,5.0,7.0,508.0,43.0,13.0,815.0,15.0,28.0,15.0,344.0,355.0,21.0,705.0,232.0,4619.0,20.0,2.0,10.0,239.0,775.0
2006-06-04,211.0,406.0,539.0,36.0,625.0,390.0,705.0,940.0,5.0,9.0,603.0,40.0,7.0,776.0,14.0,36.0,15.0,313.0,304.0,23.0,668.0,264.0,4707.0,20.0,1.0,9.0,249.0,818.0
2006-05-28,207.0,425.0,522.0,39.0,513.0,432.0,717.0,1078.0,5.0,11.0,573.0,39.0,6.0,823.0,16.0,26.0,14.0,281.0,364.0,23.0,694.0,254.0,4159.0,19.0,1.0,9.0,255.0,884.0
2006-05-21,205.0,432.0,553.0,29.0,513.0,406.0,811.0,1172.0,4.0,9.0,508.0,39.0,6.0,894.0,13.0,31.0,14.0,276.0,376.0,24.0,796.0,258.0,3975.0,24.0,1.0,10.0,269.0,927.0
2006-05-14,183.0,382.0,570.0,45.0,561.0,376.0,864.0,1173.0,6.0,8.0,497.0,42.0,6.0,909.0,15.0,21.0,16.0,287.0,394.0,28.0,729.0,189.0,3212.0,23.0,1.0,12.0,285.0,939.0
2006-05-07,172.0,316.0,565.0,43.0,491.0,339.0,771.0,1276.0,4.0,12.0,541.0,45.0,7.0,869.0,15.0,16.0,17.0,255.0,358.0,32.0,723.0,191.0,3048.0,25.0,1.0,14.0,307.0,1003.0
2006-04-30,185.0,367.0,506.0,45.0,499.0,325.0,743.0,1445.0,4.0,12.0,542.0,52.0,8.0,855.0,17.0,19.0,22.0,253.0,334.0,37.0,732.0,187.0,2573.0,29.0,2.0,14.0,325.0,1060.0
2006-04-23,166.0,319.0,562.0,38.0,454.0,311.0,768.0,1632.0,5.0,16.0,604.0,61.0,7.0,844.0,20.0,14.0,25.0,287.0,311.0,43.0,760.0,211.0,2398.0,31.0,3.0,15.0,343.0,1090.0
2006-04-16,152.0,281.0,621.0,53.0,509.0,289.0,812.0,1769.0,6.0,18.0,665.0,70.0,7.0,933.0,24.0,16.0,29.0,237.0,331.0,57.0,796.0,253.0,2241.0,33.0,3.0,25.0,366.0,1191.0
2006-04-09,130.0,324.0,699.0,62.0,431.0,275.0,896.0,1854.0,5.0,22.0,729.0,85.0,8.0,880.0,25.0,13.0,31.0,207.0,235.0,82.0,893.0,316.0,2343.0,37.0,4.0,33.0,386.0,1363.0
2006-04-02,169.0,356.0,851.0,81.0,402.0,253.0,1075.0,2169.0,6.0,32.0,836.0,105.0,11.0,980.0,31.0,18.0,33.0,202.0,256.0,115.0,887.0,389.0,2312.0,51.0,4.0,48.0,412.0,1574.0
2006-03-26,143.0,297.0,916.0,147.0,431.0,262.0,1200.0,2326.0,6.0,34.0,899.0,128.0,20.0,950.0,53.0,13.0,42.0,209.0,210.0,116.0,866.0,442.0,2782.0,98.0,5.0,86.0,412.0,1896.0
2006-03-19,121.0,261.0,1054.0,193.0,443.0,246.0,1033.0,2752.0,6.0,61.0,1043.0,141.0,34.0,1038.0,62.0,16.0,42.0,219.0,229.0,130.0,849.0,509.0,2199.0,114.0,5.0,138.0,411.0,2057.0
2006-03-12,120.0,305.0,1021.0,217.0,428.0,245.0,1057.0,2843.0,4.0,65.0,1047.0,131.0,54.0,1088.0,61.0,14.0,42.0,207.0,232.0,150.0,813.0,486.0,2160.0,132.0,7.0,148.0,370.0,2170.0
2006-03-05,109.0,278.0,909.0,252.0,373.0,223.0,913.0,3533.0,3.0,75.0,1129.0,125.0,100.0,1069.0,61.0,20.0,43.0,196.0,247.0,116.0,756.0,434.0,2179.0,136.0,9.0,139.0,338.0,2457.0
2006-02-26,95.0,235.0,928.0,263.0,308.0,208.0,1069.0,3310.0,4.0,117.0,1162.0,121.0,156.0,1131.0,72.0,21.0,61.0,210.0,207.0,93.0,698.0,436.0,2244.0,87.0,9.0,129.0,343.0,2564.0
2006-02-19,91.0,197.0,845.0,326.0,250.0,196.0,1156.0,2793.0,3.0,172.0,1162.0,92.0,327.0,1137.0,66.0,9.0,75.0,222.0,258.0,79.0,768.0,413.0,2380.0,59.0,7.0,97.0,340.0,2567.0
2006-02-12,90.0,157.0,884.0,297.0,197.0,171.0,1326.0,2503.0,2.0,221.0,1126.0,75.0,546.0,1064.0,70.0,11.0,85.0,224.0,211.0,63.0,753.0,344.0,1958.0,41.0,11.0,75.0,329.0,2437.0
2006-02-05,97.0,164.0,854.0,245.0,202.0,165.0,1305.0,2587.0,1.0,262.0,1175.0,61.0,806.0,1169.0,52.0,9.0,91.0,245.0,192.0,55.0,742.0,329.0,2169.0,46.0,6.0,64.0,337.0,2221.0
2006-01-29,105.0,127.0,824.0,163.0,228.0,159.0,1163.0,2401.0,2.0,242.0,1180.0,67.0,1070.0,1222.0,39.0,8.0,60.0,258.0,194.0,57.0,744.0,304.0,1991.0,25.0,5.0,39.0,358.0,2155.0
2006-01-22,83.0,121.0,840.0,119.0,234.0,166.0,1357.0,2295.0,3.0,131.0,1129.0,61.0,953.0,1310.0,34.0,8.0,40.0,262.0,201.0,55.0,793.0,313.0,1866.0,32.0,4.0,38.0,359.0,2137.0
2006-01-15,91.0,136.0,920.0,131.0,247.0,182.0,1360.0,2223.0,2.0,96.0,1113.0,60.0,658.0,1475.0,31.0,11.0,43.0,260.0,213.0,51.0,789.0,327.0,1835.0,26.0,3.0,28.0,366.0,1998.0
2006-01-08,85.0,174.0,873.0,151.0,247.0,176.0,1302.0,2356.0,2.0,106.0,1227.0,60.0,431.0,1383.0,34.0,10.0,37.0,257.0,227.0,54.0,802.0,362.0,,34.0,3.0,33.0,385.0,2098.0
2006-01-01,87.0,163.0,786.0,117.0,250.0,192.0,1120.0,2915.0,1.0,127.0,1289.0,52.0,310.0,1397.0,23.0,17.0,46.0,251.0,218.0,54.0,831.0,436.0,,23.0,3.0,42.0,404.0,2522.0
2005-12-25,82.0,,796.0,119.0,294.0,175.0,1105.0,2697.0,2.0,120.0,1212.0,57.0,258.0,1540.0,24.0,,48.0,259.0,204.0,50.0,787.0,409.0,,26.0,4.0,24.0,411.0,2915.0
2005-12-18,94.0,,786.0,121.0,305.0,172.0,1038.0,2480.0,1.0,120.0,1193.0,57.0,141.0,1472.0,26.0,,54.0,271.0,202.0,51.0,778.0,415.0,,20.0,4.0,21.0,422.0,2494.0
2005-12-11,99.0,,923.0,168.0,365.0,188.0,1036.0,2321.0,2.0,98.0,1249.0,60.0,94.0,1393.0,33.0,,58.0,291.0,241.0,49.0,819.0,357.0,,25.0,3.0,30.0,432.0,2050.0
2005-12-04,112.0,,767.0,201.0,458.0,194.0,1032.0,2256.0,1.0,85.0,1228.0,59.0,79.0,1407.0,36.0,,63.0,287.0,304.0,53.0,877.0,362.0,,24.0,3.0,34.0,453.0,1806.0
2005-11-27,133.0,,827.0,192.0,452.0,228.0,1129.0,2134.0,3.0,83.0,1220.0,54.0,73.0,1304.0,31.0,,69.0,274.0,265.0,49.0,724.0,341.0,,30.0,3.0,27.0,461.0,1808.0
2005-11-20,147.0,,795.0,185.0,387.0,272.0,1189.0,2387.0,4.0,89.0,1243.0,52.0,66.0,1311.0,29.0,,72.0,278.0,315.0,57.0,700.0,316.0,,35.0,4.0,24.0,503.0,1640.0
2005-11-13,151.0,,725.0,166.0,385.0,295.0,1163.0,2433.0,6.0,72.0,1211.0,55.0,66.0,1279.0,28.0,,61.0,287.0,358.0,60.0,731.0,371.0,,33.0,3.0,26.0,540.0,1811.0
2005-11-06,162.0,,836.0,99.0,426.0,278.0,1185.0,2131.0,6.0,64.0,1086.0,66.0,31.0,1294.0,30.0,,61.0,305.0,435.0,66.0,729.0,417.0,,28.0,,35.0,596.0,1778.0
2005-10-30,169.0,,676.0,71.0,517.0,280.0,1027.0,2305.0,8.0,42.0,979.0,70.0,20.0,1180.0,30.0,,40.0,316.0,367.0,66.0,793.0,411.0,,29.0,,34.0,660.0,1858.0
2005-10-23,165.0,,793.0,113.0,533.0,266.0,937.0,2054.0,5.0,61.0,1082.0,78.0,11.0,1027.0,28.0,,34.0,324.0,407.0,88.0,870.0,329.0,,38.0,,36.0,672.0,1591.0
2005-10-16,200.0,,867.0,98.0,422.0,276.0,857.0,2048.0,5.0,83.0,1169.0,76.0,6.0,948.0,27.0,,27.0,343.0,376.0,122.0,863.0,307.0,,41.0,,31.0,534.0,1532.0
2005-10-09,174.0,,890.0,88.0,422.0,271.0,824.0,1786.0,5.0,75.0,1075.0,60.0,4.0,877.0,30.0,,27.0,347.0,382.0,109.0,918.0,296.0,,41.0,,25.0,359.0,1504.0
2005-10-02,191.0,,821.0,80.0,413.0,278.0,612.0,1758.0,4.0,76.0,1019.0,44.0,3.0,822.0,26.0,,27.0,321.0,349.0,75.0,775.0,300.0,,34.0,,19.0,,1364.0
2005-09-25,230.0,,729.0,68.0,387.0,254.0,551.0,1642.0,3.0,50.0,916.0,34.0,2.0,845.0,24.0,,29.0,293.0,367.0,61.0,696.0,242.0,,33.0,,13.0,,1177.0
2005-09-18,194.0,,671.0,39.0,385.0,258.0,552.0,1424.0,3.0,43.0,787.0,32.0,2.0,855.0,27.0,,35.0,304.0,320.0,37.0,683.0,176.0,,26.0,,14.0,,1068.0
2005-09-11,195.0,,525.0,40.0,420.0,271.0,513.0,1169.0,3.0,17.0,587.0,29.0,1.0,786.0,18.0,,29.0,307.0,379.0,23.0,713.0,164.0,,18.0,,11.0,,1053.0
2005-09-04,188.0,,527.0,35.0,509.0,261.0,506.0,1050.0,3.0,13.0,538.0,27.0,1.0,811.0,17.0,,29.0,321.0,403.0,14.0,662.0,127.0,,11.0,,10.0,,881.0
2005-08-28,218.0,,514.0,31.0,566.0,289.0,500.0,936.0,3.0,9.0,536.0,28.0,1.0,630.0,13.0,,26.0,357.0,391.0,12.0,662.0,111.0,,18.0,,9.0,,772.0
2005-08-21,234.0,,512.0,25.0,492.0,286.0,430.0,835.0,3.0,9.0,536.0,28.0,2.0,641.0,14.0,,20.0,388.0,358.0,12.0,646.0,109.0,,14.0,,7.0,,787.0
2005-08-14,208.0,,518.0,18.0,381.0,281.0,437.0,665.0,3.0,11.0,503.0,27.0,2.0,641.0,14.0,,18.0,402.0,339.0,12.0,675.0,105.0,,15.0,,9.0,,739.0
2005-08-07,202.0,,455.0,22.0,337.0,292.0,449.0,745.0,3.0,10.0,505.0,28.0,2.0,698.0,12.0,,19.0,462.0,309.0,12.0,604.0,110.0,,9.0,,9.0,,710.0
2005-07-31,210.0,,479.0,24.0,349.0,289.0,456.0,705.0,4.0,9.0,497.0,29.0,2.0,690.0,13.0,,18.0,404.0,281.0,12.0,628.0,113.0,,11.0,,10.0,,693.0
2005-07-24,227.0,,462.0,18.0,346.0,245.0,481.0,732.0,4.0,10.0,396.0,29.0,2.0,664.0,14.0,,15.0,408.0,246.0,12.0,591.0,112.0,,10.0,,10.0,,695.0
2005-07-17,237.0,,485.0,24.0,307.0,259.0,472.0,639.0,8.0,9.0,442.0,27.0,2.0,748.0,14.0,,15.0,375.0,296.0,13.0,600.0,125.0,,10.0,,9.0,,697.0
2005-07-10,234.0,,512.0,21.0,350.0,259.0,467.0,812.0,7.0,6.0,407.0,27.0,2.0,690.0,13.0,,16.0,346.0,291.0,14.0,621.0,127.0,,9.0,,10.0,,712.0
2005-07-03,273.0,,414.0,12.0,433.0,277.0,468.0,892.0,11.0,7.0,400.0,28.0,2.0,727.0,14.0,,15.0,361.0,335.0,16.0,662.0,138.0,,11.0,,9.0,,711.0
2005-06-26,264.0,,462.0,25.0,559.0,289.0,470.0,748.0,14.0,7.0,399.0,29.0,2.0,654.0,12.0,,15.0,400.0,355.0,17.0,709.0,155.0,,13.0,,11.0,,684.0
2005-06-19,246.0,,503.0,26.0,503.0,333.0,473.0,944.0,22.0,8.0,415.0,30.0,3.0,713.0,15.0,,17.0,379.0,354.0,18.0,656.0,158.0,,14.0,,9.0,,740.0
2005-06-12,197.0,,479.0,42.0,428.0,288.0,498.0,777.0,27.0,11.0,486.0,31.0,3.0,710.0,15.0,,18.0,333.0,371.0,20.0,617.0,170.0,,14.0,,9.0,,761.0
2005-06-05,196.0,,519.0,47.0,401.0,324.0,537.0,878.0,18.0,11.0,529.0,32.0,4.0,740.0,15.0,,19.0,286.0,340.0,22.0,598.0,183.0,,17.0,,11.0,,751.0
2005-05-29,198.0,,518.0,50.0,427.0,350.0,587.0,1110.0,9.0,9.0,522.0,35.0,5.0,843.0,14.0,,23.0,263.0,307.0,25.0,626.0,192.0,,14.0,,11.0,,826.0
2005-05-22,205.0,,420.0,65.0,421.0,330.0,631.0,1182.0,9.0,9.0,570.0,39.0,5.0,882.0,18.0,,24.0,230.0,419.0,29.0,636.0,206.0,,22.0,,10.0,,850.0
2005-05-15,193.0,,579.0,84.0,373.0,355.0,641.0,1262.0,6.0,10.0,671.0,44.0,6.0,832.0,16.0,,27.0,,396.0,32.0,665.0,222.0,,26.0,,11.0,,850.0
2005-05-08,199.0,,589.0,67.0,358.0,320.0,672.0,1524.0,3.0,10.0,711.0,53.0,9.0,854.0,21.0,,29.0,,345.0,36.0,689.0,218.0,,26.0,,11.0,,902.0
2005-05-01,183.0,,506.0,64.0,401.0,310.0,733.0,1451.0,4.0,10.0,596.0,63.0,17.0,900.0,18.0,,31.0,,320.0,43.0,719.0,235.0,,31.0,,11.0,,959.0
2005-04-24,189.0,,619.0,59.0,430.0,286.0,746.0,1509.0,3.0,20.0,651.0,77.0,30.0,858.0,23.0,,35.0,,299.0,49.0,809.0,249.0,,24.0,,13.0,,1017.0
2005-04-17,192.0,,578.0,59.0,396.0,276.0,811.0,1509.0,5.0,25.0,657.0,91.0,38.0,894.0,23.0,,41.0,,297.0,59.0,858.0,268.0,,27.0,,14.0,,1083.0
2005-04-10,162.0,,552.0,57.0,441.0,300.0,881.0,1715.0,3.0,30.0,607.0,119.0,55.0,945.0,24.0,,49.0,,287.0,76.0,880.0,283.0,,24.0,,17.0,,1186.0
2005-04-03,154.0,,629.0,55.0,509.0,259.0,959.0,2036.0,3.0,34.0,646.0,156.0,111.0,981.0,29.0,,61.0,,288.0,98.0,914.0,291.0,,25.0,,22.0,,1421.0
2005-03-27,145.0,,623.0,72.0,412.0,263.0,1002.0,2370.0,4.0,45.0,774.0,217.0,207.0,1066.0,36.0,,70.0,,269.0,156.0,1117.0,333.0,,32.0,,30.0,,1749.0
2005-03-20,137.0,,840.0,164.0,363.0,232.0,1064.0,2438.0,2.0,67.0,988.0,296.0,413.0,1131.0,61.0,,77.0,,227.0,182.0,1277.0,342.0,,52.0,,45.0,,2024.0
2005-03-13,106.0,,1052.0,330.0,378.0,204.0,1132.0,2786.0,3.0,90.0,1406.0,402.0,737.0,1091.0,87.0,,81.0,,226.0,267.0,1080.0,358.0,,75.0,,78.0,,2230.0
2005-03-06,97.0,,1246.0,413.0,355.0,213.0,1234.0,2927.0,1.0,134.0,1799.0,566.0,1164.0,1118.0,94.0,,81.0,,236.0,442.0,1058.0,369.0,,50.0,,117.0,,2554.0
2005-02-27,101.0,,1492.0,419.0,282.0,204.0,1352.0,3527.0,2.0,179.0,2025.0,417.0,1451.0,1177.0,108.0,,72.0,,230.0,466.0,919.0,348.0,,56.0,,166.0,,2875.0
2005-02-20,94.0,,2143.0,429.0,269.0,191.0,1268.0,3658.0,2.0,317.0,2443.0,174.0,1526.0,1120.0,140.0,,56.0,,249.0,404.0,882.0,327.0,,57.0,,350.0,,3540.0
2005-02-13,98.0,,2396.0,492.0,255.0,197.0,1270.0,3274.0,2.0,685.0,2469.0,78.0,1202.0,1139.0,119.0,,47.0,,242.0,423.0,913.0,295.0,,51.0,,515.0,,4065.0
2005-02-06,111.0,,2200.0,379.0,263.0,204.0,1219.0,3526.0,2.0,1132.0,2005.0,62.0,856.0,1092.0,95.0,,29.0,,207.0,392.0,870.0,296.0,,88.0,,628.0,,4037.0
2005-01-30,94.0,,1643.0,233.0,275.0,160.0,1058.0,3392.0,3.0,623.0,1417.0,61.0,417.0,1052.0,60.0,,21.0,,218.0,271.0,884.0,282.0,,137.0,,497.0,,3429.0
2005-01-23,89.0,,1106.0,191.0,272.0,163.0,947.0,3276.0,1.0,396.0,1124.0,61.0,178.0,1187.0,43.0,,15.0,,271.0,62.0,747.0,299.0,,209.0,,320.0,,2886.0
2005-01-16,88.0,,895.0,168.0,273.0,157.0,812.0,3123.0,1.0,232.0,1032.0,60.0,78.0,1216.0,37.0,,14.0,,244.0,53.0,779.0,336.0,,478.0,,260.0,,2562.0
2005-01-09,82.0,,839.0,201.0,281.0,174.0,824.0,3120.0,1.0,149.0,1104.0,58.0,46.0,1206.0,37.0,,13.0,,255.0,52.0,840.0,390.0,,538.0,,134.0,,2459.0
2005-01-02,78.0,,769.0,203.0,294.0,170.0,751.0,3761.0,1.0,144.0,1253.0,59.0,42.0,1330.0,34.0,,14.0,,268.0,47.0,735.0,401.0,,579.0,,53.0,,2673.0
2004-12-26,77.0,,848.0,169.0,314.0,164.0,724.0,3586.0,1.0,171.0,1288.0,59.0,42.0,1409.0,34.0,,14.0,,256.0,43.0,720.0,419.0,,326.0,,35.0,,2715.0
2004-12-19,89.0,,807.0,144.0,355.0,168.0,715.0,3099.0,2.0,185.0,1132.0,56.0,43.0,1364.0,33.0,,12.0,,202.0,40.0,710.0,395.0,,68.0,,34.0,,2206.0
2004-12-12,100.0,,810.0,137.0,389.0,172.0,691.0,2722.0,2.0,100.0,1133.0,52.0,49.0,1237.0,36.0,,12.0,,270.0,44.0,755.0,364.0,,55.0,,38.0,,1850.0
2004-12-05,111.0,,742.0,116.0,407.0,188.0,,2457.0,2.0,95.0,1056.0,52.0,41.0,1185.0,34.0,,13.0,,341.0,43.0,768.0,383.0,,42.0,,38.0,,1782.0
2004-11-28,131.0,,793.0,120.0,459.0,204.0,,2345.0,2.0,76.0,1028.0,49.0,35.0,1190.0,31.0,,13.0,,360.0,46.0,800.0,366.0,,31.0,,39.0,,1800.0
2004-11-21,150.0,,839.0,105.0,478.0,270.0,,2156.0,2.0,62.0,1048.0,46.0,36.0,1141.0,32.0,,13.0,,320.0,49.0,795.0,354.0,,26.0,,38.0,,1595.0
2004-11-14,174.0,,808.0,67.0,433.0,262.0,,2237.0,1.0,46.0,1162.0,45.0,31.0,1056.0,24.0,,12.0,,343.0,48.0,824.0,339.0,,29.0,,34.0,,1761.0
2004-11-07,161.0,,737.0,63.0,428.0,259.0,,2245.0,2.0,36.0,1118.0,,30.0,1044.0,20.0,,,,424.0,56.0,813.0,356.0,,34.0,,29.0,,1819.0
2004-10-31,167.0,,660.0,49.0,393.0,249.0,,2207.0,3.0,52.0,944.0,,20.0,1079.0,19.0,,,,383.0,56.0,796.0,311.0,,34.0,,19.0,,1804.0
2004-10-24,194.0,,664.0,53.0,413.0,250.0,,2014.0,2.0,40.0,1011.0,,14.0,933.0,20.0,,,,367.0,57.0,800.0,284.0,,26.0,,16.0,,1767.0
2004-10-17,184.0,,707.0,63.0,409.0,281.0,,1924.0,2.0,51.0,1253.0,,7.0,946.0,26.0,,,,353.0,62.0,801.0,242.0,,47.0,,15.0,,1630.0
2004-10-10,153.0,,652.0,95.0,459.0,247.0,,1675.0,2.0,55.0,1327.0,,4.0,885.0,25.0,,,,400.0,61.0,818.0,168.0,,33.0,,11.0,,1408.0
2004-10-03,184.0,,732.0,81.0,478.0,249.0,,1544.0,1.0,51.0,1030.0,,3.0,906.0,29.0,,,,353.0,28.0,809.0,150.0,,43.0,,12.0,,1139.0
2004-09-26,198.0,,702.0,75.0,461.0,261.0,,1656.0,2.0,40.0,858.0,,3.0,874.0,30.0,,,,387.0,19.0,793.0,,,34.0,,11.0,,922.0
2004-09-19,187.0,,587.0,54.0,512.0,293.0,,1407.0,2.0,33.0,681.0,,2.0,884.0,24.0,,,,411.0,,672.0,,,20.0,,8.0,,898.0
2004-09-12,216.0,,482.0,34.0,563.0,267.0,,1042.0,3.0,13.0,497.0,,2.0,810.0,19.0,,,,411.0,,627.0,,,15.0,,8.0,,826.0
2004-09-05,208.0,,443.0,26.0,605.0,285.0,,1014.0,3.0,10.0,436.0,,1.0,771.0,17.0,,,,421.0,,597.0,,,11.0,,8.0,,810.0
2004-08-29,230.0,,408.0,11.0,481.0,273.0,,755.0,3.0,6.0,406.0,,1.0,661.0,13.0,,,,353.0,,615.0,,,11.0,,7.0,,701.0
2004-08-22,199.0,,450.0,11.0,409.0,298.0,,671.0,3.0,8.0,396.0,,1.0,556.0,14.0,,,,367.0,,607.0,,,17.0,,6.0,,676.0
2004-08-15,196.0,,471.0,11.0,418.0,304.0,,810.0,2.0,7.0,364.0,,1.0,558.0,13.0,,,,345.0,,592.0,,,18.0,,6.0,,618.0
2004-08-08,189.0,,455.0,8.0,442.0,263.0,,651.0,2.0,9.0,318.0,,1.0,613.0,10.0,,,,332.0,,582.0,,,13.0,,7.0,,599.0
2004-08-01,178.0,,438.0,10.0,394.0,274.0,,631.0,1.0,4.0,347.0,,1.0,618.0,11.0,,,,367.0,,593.0,,,9.0,,7.0,,593.0
2004-07-25,217.0,,512.0,9.0,397.0,282.0,,528.0,2.0,4.0,439.0,,2.0,649.0,11.0,,,,291.0,,627.0,,,15.0,,6.0,,587.0
2004-07-18,204.0,,445.0,13.0,349.0,249.0,,699.0,4.0,5.0,423.0,,2.0,634.0,13.0,,,,354.0,,606.0,,,16.0,,7.0,,576.0
2004-07-11,238.0,,459.0,19.0,365.0,257.0,,663.0,14.0,5.0,485.0,,2.0,624.0,11.0,,,,349.0,,646.0,,,16.0,,7.0,,597.0
2004-07-04,254.0,,540.0,11.0,383.0,287.0,,752.0,9.0,5.0,448.0,,2.0,677.0,12.0,,,,373.0,,665.0,,,10.0,,6.0,,629.0
2004-06-27,271.0,,455.0,10.0,405.0,316.0,,711.0,10.0,4.0,425.0,,2.0,603.0,11.0,,,,328.0,,689.0,,,9.0,,6.0,,602.0
2004-06-20,273.0,,482.0,16.0,438.0,360.0,,755.0,15.0,4.0,470.0,,2.0,669.0,11.0,,,,351.0,,747.0,,,12.0,,6.0,,623.0
2004-06-13,273.0,,485.0,19.0,459.0,336.0,,819.0,22.0,4.0,471.0,,2.0,668.0,11.0,,,,327.0,,741.0,,,17.0,,6.0,,631.0
2004-06-06,283.0,,487.0,28.0,499.0,319.0,,792.0,35.0,6.0,429.0,,2.0,650.0,12.0,,,,385.0,,663.0,,,14.0,,6.0,,653.0
2004-05-30,265.0,,441.0,41.0,563.0,346.0,,1041.0,57.0,8.0,544.0,,2.0,707.0,12.0,,,,292.0,,599.0,,,9.0,,6.0,,650.0
2004-05-23,240.0,,454.0,38.0,583.0,353.0,,743.0,44.0,7.0,606.0,,3.0,733.0,13.0,,,,434.0,,613.0,,,18.0,,6.0,,649.0
2004-05-16,239.0,,425.0,33.0,587.0,309.0,,684.0,27.0,5.0,556.0,,3.0,852.0,16.0,,,,388.0,,637.0,,,18.0,,7.0,,663.0
2004-05-09,198.0,,476.0,42.0,532.0,293.0,,895.0,17.0,9.0,558.0,,4.0,790.0,16.0,,,,353.0,,661.0,,,16.0,,8.0,,680.0
2004-05-02,199.0,,417.0,34.0,449.0,275.0,,786.0,10.0,11.0,563.0,,5.0,799.0,14.0,,,,380.0,,683.0,,,13.0,,8.0,,705.0
2004-04-25,226.0,,531.0,29.0,464.0,272.0,,1043.0,5.0,8.0,542.0,,5.0,828.0,16.0,,,,386.0,,671.0,,,12.0,,9.0,,722.0
2004-04-18,134.0,,531.0,32.0,430.0,251.0,,1163.0,4.0,7.0,712.0,,7.0,838.0,15.0,,,,369.0,,663.0,,,16.0,,11.0,,719.0
2004-04-11,134.0,,550.0,24.0,451.0,243.0,,1425.0,5.0,11.0,695.0,,8.0,908.0,14.0,,,,321.0,,686.0,,,12.0,,12.0,,796.0
2004-04-04,125.0,,569.0,21.0,415.0,239.0,,1178.0,3.0,9.0,739.0,,10.0,871.0,12.0,,,,279.0,,734.0,,,9.0,,12.0,,831.0
2004-03-28,123.0,,636.0,43.0,446.0,240.0,,1111.0,2.0,15.0,771.0,,13.0,880.0,12.0,,,,267.0,,757.0,,,23.0,,13.0,,808.0
2004-03-21,119.0,,628.0,61.0,450.0,243.0,,1424.0,3.0,15.0,938.0,,20.0,1021.0,15.0,,,,284.0,,770.0,,,28.0,,15.0,,883.0
2004-03-14,107.0,,600.0,70.0,421.0,213.0,,1404.0,4.0,14.0,1047.0,,29.0,1028.0,16.0,,,,301.0,,774.0,,,19.0,,16.0,,846.0
2004-03-07,108.0,,653.0,109.0,370.0,244.0,,1409.0,1.0,18.0,1280.0,,56.0,1040.0,17.0,,,,231.0,,703.0,,,14.0,,17.0,,919.0
2004-02-29,121.0,,726.0,61.0,314.0,228.0,,1427.0,1.0,16.0,1257.0,,91.0,944.0,18.0,,,,208.0,,729.0,,,10.0,,20.0,,989.0
2004-02-22,114.0,,738.0,44.0,329.0,206.0,,1580.0,1.0,31.0,1308.0,,182.0,974.0,18.0,,,,228.0,,761.0,,,15.0,,24.0,,1118.0
2004-02-15,102.0,,824.0,64.0,330.0,185.0,,1700.0,1.0,23.0,1194.0,,337.0,913.0,19.0,,,,289.0,,769.0,,,13.0,,29.0,,1162.0
2004-02-08,102.0,,854.0,65.0,321.0,187.0,,1649.0,2.0,22.0,1145.0,,537.0,939.0,19.0,,,,220.0,,811.0,,,16.0,,37.0,,1186.0
2004-02-01,102.0,,1016.0,80.0,336.0,146.0,,1699.0,1.0,32.0,1196.0,,708.0,932.0,20.0,,,,261.0,,754.0,,,19.0,,53.0,,1227.0
2004-01-25,102.0,,998.0,78.0,348.0,145.0,,2155.0,1.0,30.0,1190.0,,695.0,976.0,20.0,,,,284.0,,782.0,,,19.0,,82.0,,1396.0
2004-01-18,98.0,,973.0,93.0,343.0,152.0,,2230.0,1.0,29.0,1135.0,,452.0,977.0,20.0,,,,303.0,,815.0,,,18.0,,133.0,,1616.0
2004-01-11,98.0,,800.0,68.0,322.0,154.0,,2866.0,1.0,44.0,1190.0,,279.0,1026.0,28.0,,,,266.0,,818.0,,,23.0,,252.0,,2057.0
2004-01-04,98.0,,880.0,119.0,311.0,153.0,,3649.0,1.0,71.0,1291.0,,171.0,1108.0,58.0,,,,275.0,,932.0,,,46.0,,354.0,,3154.0
2003-12-28,100.0,,898.0,159.0,319.0,155.0,,4950.0,1.0,154.0,1124.0,,118.0,1264.0,102.0,,,,257.0,,1142.0,,,33.0,,504.0,,5250.0
2003-12-21,103.0,,824.0,265.0,342.0,148.0,,7014.0,1.0,275.0,950.0,,101.0,1346.0,177.0,,,,322.0,,1304.0,,,27.0,,303.0,,8196.0
2003-12-14,109.0,,862.0,729.0,344.0,137.0,,7531.0,1.0,457.0,1214.0,,72.0,1242.0,159.0,,,,333.0,,1434.0,,,53.0,,187.0,,7276.0
2003-12-07,121.0,,719.0,832.0,368.0,154.0,,5303.0,1.0,634.0,1287.0,,47.0,1025.0,121.0,,,,375.0,,1165.0,,,83.0,,110.0,,5389.0
2003-11-30,123.0,,652.0,725.0,388.0,177.0,,4229.0,2.0,1282.0,1071.0,,33.0,979.0,55.0,,,,316.0,,844.0,,,73.0,,42.0,,3524.0
2003-11-23,133.0,,822.0,273.0,408.0,201.0,,3138.0,2.0,877.0,991.0,,25.0,880.0,24.0,,,,327.0,,788.0,,,158.0,,20.0,,2968.0
2003-11-16,149.0,,708.0,133.0,424.0,239.0,,2731.0,1.0,274.0,1142.0,,22.0,894.0,23.0,,,,351.0,,725.0,,,170.0,,19.0,,2148.0
2003-11-09,166.0,,661.0,74.0,427.0,218.0,,2335.0,4.0,146.0,1103.0,,17.0,957.0,22.0,,,,380.0,,655.0,,,141.0,,20.0,,1702.0
2003-11-02,184.0,,608.0,70.0,400.0,230.0,,1995.0,2.0,48.0,1055.0,,14.0,843.0,18.0,,,,364.0,,677.0,,,130.0,,17.0,,1374.0
2003-10-26,178.0,,710.0,54.0,366.0,233.0,,1895.0,2.0,82.0,1210.0,,9.0,755.0,19.0,,,,385.0,,736.0,,,77.0,,,,1249.0
2003-10-19,178.0,,727.0,112.0,405.0,252.0,,1593.0,1.0,81.0,1310.0,,,858.0,19.0,,,,395.0,,702.0,,,46.0,,,,1209.0
2003-10-12,174.0,,720.0,63.0,448.0,206.0,,1451.0,1.0,30.0,1171.0,,,800.0,22.0,,,,472.0,,706.0,,,43.0,,,,1092.0
2003-10-05,205.0,,752.0,44.0,475.0,216.0,,1339.0,1.0,25.0,1040.0,,,707.0,25.0,,,,450.0,,642.0,,,23.0,,,,952.0
2003-09-28,217.0,,515.0,50.0,553.0,243.0,,1280.0,2.0,25.0,839.0,,,683.0,,,,,582.0,,539.0,,,26.0,,,,902.0
2003-09-21,213.0,,,,607.0,230.0,,,3.0,,,,,,,,,,576.0,,509.0,,,,,,,
2003-09-14,204.0,,,,613.0,228.0,,,3.0,,,,,,,,,,630.0,,490.0,,,,,,,
2003-09-07,210.0,,,,625.0,246.0,,,2.0,,,,,,,,,,544.0,,491.0,,,,,,,
2003-08-31,224.0,,,,641.0,247.0,,,2.0,,,,,,,,,,510.0,,500.0,,,,,,,
2003-08-24,192.0,,,,578.0,264.0,,,1.0,,,,,,,,,,468.0,,502.0,,,,,,,
2003-08-17,201.0,,,,595.0,262.0,,,0.0,,,,,,,,,,383.0,,496.0,,,,,,,
2003-08-10,225.0,,,,557.0,234.0,,,1.0,,,,,,,,,,418.0,,509.0,,,,,,,
2003-08-03,235.0,,,,566.0,223.0,,,3.0,,,,,,,,,,388.0,,510.0,,,,,,,
2003-07-27,229.0,,,,520.0,225.0,,,2.0,,,,,,,,,,382.0,,522.0,,,,,,,
2003-07-20,239.0,,,,523.0,260.0,,,4.0,,,,,,,,,,394.0,,528.0,,,,,,,
2003-07-13,307.0,,,,475.0,272.0,,,6.0,,,,,,,,,,441.0,,541.0,,,,,,,
2003-07-06,325.0,,,,480.0,256.0,,,4.0,,,,,,,,,,371.0,,545.0,,,,,,,
2003-06-29,348.0,,,,506.0,266.0,,,4.0,,,,,,,,,,394.0,,553.0,,,,,,,
2003-06-22,278.0,,,,526.0,279.0,,,3.0,,,,,,,,,,427.0,,553.0,,,,,,,
2003-06-15,258.0,,,,521.0,334.0,,,3.0,,,,,,,,,,410.0,,561.0,,,,,,,
2003-06-08,261.0,,,,529.0,371.0,,,2.0,,,,,,,,,,358.0,,568.0,,,,,,,
2003-06-01,253.0,,,,567.0,403.0,,,2.0,,,,,,,,,,497.0,,584.0,,,,,,,
2003-05-25,251.0,,,,547.0,385.0,,,1.0,,,,,,,,,,441.0,,613.0,,,,,,,
2003-05-18,232.0,,,,539.0,361.0,,,1.0,,,,,,,,,,450.0,,639.0,,,,,,,
2003-05-11,241.0,,,,560.0,336.0,,,3.0,,,,,,,,,,456.0,,657.0,,,,,,,
2003-05-04,239.0,,,,493.0,319.0,,,4.0,,,,,,,,,,494.0,,655.0,,,,,,,
2003-04-27,209.0,,,,525.0,299.0,,,2.0,,,,,,,,,,567.0,,703.0,,,,,,,
2003-04-20,186.0,,,,537.0,287.0,,,1.0,,,,,,,,,,527.0,,726.0,,,,,,,
2003-04-13,193.0,,,,580.0,259.0,,,1.0,,,,,,,,,,508.0,,757.0,,,,,,,
2003-04-06,187.0,,,,636.0,308.0,,,1.0,,,,,,,,,,401.0,,777.0,,,,,,,
2003-03-30,158.0,,,,647.0,262.0,,,2.0,,,,,,,,,,301.0,,753.0,,,,,,,
2003-03-23,153.0,,,,549.0,228.0,,,1.0,,,,,,,,,,340.0,,821.0,,,,,,,
2003-03-16,134.0,,,,541.0,213.0,,,1.0,,,,,,,,,,350.0,,819.0,,,,,,,
2003-03-09,136.0,,,,460.0,223.0,,,0.0,,,,,,,,,,312.0,,824.0,,,,,,,
2003-03-02,134.0,,,,427.0,177.0,,,0.0,,,,,,,,,,270.0,,864.0,,,,,,,
2003-02-23,135.0,,,,426.0,194.0,,,0.0,,,,,,,,,,274.0,,740.0,,,,,,,
2003-02-16,141.0,,,,,162.0,,,0.0,,,,,,,,,,236.0,,736.0,,,,,,,
2003-02-09,145.0,,,,,184.0,,,0.0,,,,,,,,,,250.0,,664.0,,,,,,,
2003-02-02,136.0,,,,,151.0,,,0.0,,,,,,,,,,227.0,,,,,,,,,
2003-01-26,,,,,,131.0,,,0.0,,,,,,,,,,241.0,,,,,,,,,
2003-01-19,,,,,,162.0,,,0.0,,,,,,,,,,267.0,,,,,,,,,
2003-01-12,,,,,,174.0,,,1.0,,,,,,,,,,314.0,,,,,,,,,
2003-01-05,,,,,,162.0,,,,,,,,,,,,,315.0,,,,,,,,,
2002-12-29,,,,,,174.0,,,,,,,,,,,,,329.0,,,,,,,,,
